candidate_id,name,email,phone,resume_path,created_at
9839,Eric Mitchell,emitchell@icloud.com,+1-632-994-8310,uploads/resume_1.pdf,2025-11-24 03:20:19
9840,Ryan Perez,ryanperez@gmail.com,+1-609-335-3672,uploads/resume_2.pdf,2025-11-24 03:20:19
9841,Samantha Parker,samanthaparker@gmail.com,+1-924-621-6063,uploads/resume_3.pdf,2025-11-24 03:20:19
9842,Richard Martinez,richardmartinez@protonmail.com,+1-561-633-5540,uploads/resume_4.pdf,2025-11-24 03:20:19
9843,Justin Adams,justin.adams@hotmail.com,+1-332-413-7892,uploads/resume_5.pdf,2025-11-24 03:20:19
9844,Eric Robinson,ericrobinson@icloud.com,+1-244-757-6639,uploads/resume_6.pdf,2025-11-24 03:20:19
9845,Lisa Lopez,llopez@hotmail.com,+1-996-793-6496,uploads/resume_7.pdf,2025-11-24 03:20:19
9846,Matthew Parker,matthewparker@outlook.com,+1-876-214-8884,uploads/resume_8.pdf,2025-11-24 03:20:19
9847,Joseph Adams,joseph.adams@yahoo.com,+1-906-443-7982,uploads/resume_9.pdf,2025-11-24 03:20:19
9848,Michelle Baker,mbaker@outlook.com,+1-683-423-4299,uploads/resume_10.pdf,2025-11-24 03:20:19
9849,Christopher Turner,christopher.turner@protonmail.com,+1-436-592-8917,uploads/resume_11.pdf,2025-11-24 03:20:19
9850,Brian Davis,briandavis@icloud.com,+1-261-634-8393,uploads/resume_12.pdf,2025-11-24 03:20:19
9851,William Adams,williamadams@outlook.com,+1-723-538-7007,uploads/resume_13.pdf,2025-11-24 03:20:19
9852,John Lopez,john.lopez@hotmail.com,+1-639-715-3933,uploads/resume_14.pdf,2025-11-24 03:20:19
9853,David Parker,david.parker@hotmail.com,+1-832-469-7639,uploads/resume_15.pdf,2025-11-24 03:20:19
9854,Jessica Brown,jessicabrown@hotmail.com,+1-895-871-3423,uploads/resume_16.pdf,2025-11-24 03:20:19
9855,Sarah White,sarah.white@protonmail.com,+1-316-362-3606,uploads/resume_17.pdf,2025-11-24 03:20:19
9856,Stephanie Edwards,sedwards@outlook.com,+1-851-278-2240,uploads/resume_18.pdf,2025-11-24 03:20:19
9857,Ryan Harris,ryan.harris@protonmail.com,+1-266-310-8876,uploads/resume_19.pdf,2025-11-24 03:20:19
9858,Hannah Collins,hcollins@outlook.com,+1-590-467-1154,uploads/resume_20.pdf,2025-11-24 03:20:19
9859,James Nelson,jamesnelson@gmail.com,+1-667-274-8178,uploads/resume_21.pdf,2025-11-24 03:20:19
9860,Steven Allen,stevenallen@outlook.com,+1-532-718-3636,uploads/resume_22.pdf,2025-11-24 03:20:19
9861,Lisa Walker,lisawalker@protonmail.com,+1-316-712-5897,uploads/resume_23.pdf,2025-11-24 03:20:19
9862,Steven Thomas,sthomas@yahoo.com,+1-303-918-4638,uploads/resume_24.pdf,2025-11-24 03:20:19
9863,Michelle Lee,mlee@protonmail.com,+1-424-222-9393,uploads/resume_25.pdf,2025-11-24 03:20:19
9864,Susan Perez,susan.perez@protonmail.com,+1-635-708-6145,uploads/resume_26.pdf,2025-11-24 03:20:19
9865,Justin Moore,justin.moore@protonmail.com,+1-366-307-6083,uploads/resume_27.pdf,2025-11-24 03:20:19
9866,Brian Edwards,brianedwards@gmail.com,+1-399-323-5291,uploads/resume_28.pdf,2025-11-24 03:20:19
9867,Elizabeth Phillips,elizabethphillips@protonmail.com,+1-250-330-1157,uploads/resume_29.pdf,2025-11-24 03:20:19
9868,Steven Martinez,steven.martinez@yahoo.com,+1-320-264-5946,uploads/resume_30.pdf,2025-11-24 03:20:19
9869,Steven Collins,stevencollins@yahoo.com,+1-270-792-4065,uploads/resume_31.pdf,2025-11-24 03:20:19
9870,John Morris,jmorris@yahoo.com,+1-213-670-3205,uploads/resume_32.pdf,2025-11-24 03:20:19
9871,Brian Allen,brian.allen@outlook.com,+1-370-291-7861,uploads/resume_33.pdf,2025-11-24 03:20:19
9872,Brandon Garcia,brandongarcia@yahoo.com,+1-395-995-7482,uploads/resume_34.pdf,2025-11-24 03:20:19
9873,Jason Adams,jasonadams@hotmail.com,+1-846-300-2527,uploads/resume_35.pdf,2025-11-24 03:20:19
9874,Mark Adams,markadams@protonmail.com,+1-647-616-6433,uploads/resume_36.pdf,2025-11-24 03:20:19
9875,Laura Garcia,lgarcia@icloud.com,+1-350-664-5615,uploads/resume_37.pdf,2025-11-24 03:20:19
9876,Ashley Martin,amartin@icloud.com,+1-236-701-8516,uploads/resume_38.pdf,2025-11-24 03:20:19
9877,Samantha Martinez,samanthamartinez@outlook.com,+1-444-306-3939,uploads/resume_39.pdf,2025-11-24 03:20:19
9878,Daniel Jackson,djackson@yahoo.com,+1-433-922-5245,uploads/resume_40.pdf,2025-11-24 03:20:19
9879,Richard Walker,richardwalker@hotmail.com,+1-951-279-9869,uploads/resume_41.pdf,2025-11-24 03:20:19
9880,Emily Garcia,egarcia@protonmail.com,+1-563-627-9722,uploads/resume_42.pdf,2025-11-24 03:20:19
9881,Lisa Green,lgreen@outlook.com,+1-848-781-6186,uploads/resume_43.pdf,2025-11-24 03:20:19
9882,Mark Garcia,mgarcia@protonmail.com,+1-743-280-6349,uploads/resume_44.pdf,2025-11-24 03:20:19
9883,Michael Lewis,michael.lewis@yahoo.com,+1-715-565-5312,uploads/resume_45.pdf,2025-11-24 03:20:19
9884,Heather Walker,hwalker@yahoo.com,+1-200-359-5297,uploads/resume_46.pdf,2025-11-24 03:20:19
9885,Justin Mitchell,jmitchell@protonmail.com,+1-200-935-3050,uploads/resume_47.pdf,2025-11-24 03:20:19
9886,David Garcia,dgarcia@hotmail.com,+1-421-212-7852,uploads/resume_48.pdf,2025-11-24 03:20:19
9887,Amanda Phillips,amandaphillips@gmail.com,+1-460-797-9057,uploads/resume_49.pdf,2025-11-24 03:20:19
9888,Ryan Garcia,rgarcia@gmail.com,+1-992-515-7869,uploads/resume_50.pdf,2025-11-24 03:20:19
9889,Elizabeth King,elizabethking@gmail.com,+1-519-522-3084,uploads/resume_51.pdf,2025-11-24 03:20:19
9890,Christopher Moore,cmoore@gmail.com,+1-789-689-2089,uploads/resume_52.pdf,2025-11-24 03:20:19
9891,Heather Wright,hwright@icloud.com,+1-979-427-2760,uploads/resume_53.pdf,2025-11-24 03:20:19
9892,Christopher Rodriguez,crodriguez@outlook.com,+1-255-510-5191,uploads/resume_54.pdf,2025-11-24 03:20:19
9893,Rachel Johnson,rjohnson@outlook.com,+1-854-688-4803,uploads/resume_55.pdf,2025-11-24 03:20:19
9894,Maria Miller,maria.miller@hotmail.com,+1-265-638-3668,uploads/resume_56.pdf,2025-11-24 03:20:19
9895,William Roberts,william.roberts@hotmail.com,+1-520-803-9517,uploads/resume_57.pdf,2025-11-24 03:20:19
9896,Matthew Carter,matthew.carter@gmail.com,+1-847-822-6950,uploads/resume_58.pdf,2025-11-24 03:20:19
9897,Ashley White,ashley.white@hotmail.com,+1-831-729-7377,uploads/resume_59.pdf,2025-11-24 03:20:19
9898,Paul Harris,pharris@gmail.com,+1-304-710-5373,uploads/resume_60.pdf,2025-11-24 03:20:19
9899,Laura Lee,lauralee@yahoo.com,+1-771-596-5054,uploads/resume_61.pdf,2025-11-24 03:20:19
9900,Rebecca Baker,rebeccabaker@outlook.com,+1-238-810-2885,uploads/resume_62.pdf,2025-11-24 03:20:19
9901,Susan Phillips,susan.phillips@gmail.com,+1-773-541-9413,uploads/resume_63.pdf,2025-11-24 03:20:19
9902,William Wilson,wwilson@outlook.com,+1-710-738-1862,uploads/resume_64.pdf,2025-11-24 03:20:19
9903,Kevin Lee,kevin.lee@yahoo.com,+1-686-591-8288,uploads/resume_65.pdf,2025-11-24 03:20:19
9904,Amanda Stewart,astewart@outlook.com,+1-271-997-8953,uploads/resume_66.pdf,2025-11-24 03:20:19
9905,Rebecca Thomas,rebecca.thomas@protonmail.com,+1-523-964-2094,uploads/resume_67.pdf,2025-11-24 03:20:19
9906,Kimberly King,kimberly.king@protonmail.com,+1-440-952-4464,uploads/resume_68.pdf,2025-11-24 03:20:19
9907,Laura Perez,lauraperez@yahoo.com,+1-600-838-4823,uploads/resume_69.pdf,2025-11-24 03:20:19
9908,Eric Moore,eric.moore@protonmail.com,+1-700-863-4113,uploads/resume_70.pdf,2025-11-24 03:20:19
9909,Hannah Walker,hannah.walker@outlook.com,+1-786-776-2740,uploads/resume_71.pdf,2025-11-24 03:20:19
9910,Steven Perez,steven.perez@protonmail.com,+1-492-809-3994,uploads/resume_72.pdf,2025-11-24 03:20:19
9911,Mark Brown,mbrown@icloud.com,+1-463-472-7681,uploads/resume_73.pdf,2025-11-24 03:20:19
9912,Angela Miller,angelamiller@protonmail.com,+1-674-571-6152,uploads/resume_74.pdf,2025-11-24 03:20:19
9913,Brian Green,brian.green@icloud.com,+1-861-576-2832,uploads/resume_75.pdf,2025-11-24 03:20:19
9914,Michael Scott,michael.scott@outlook.com,+1-722-756-6043,uploads/resume_76.pdf,2025-11-24 03:20:19
9915,Nicole Allen,nallen@icloud.com,+1-458-950-2511,uploads/resume_77.pdf,2025-11-24 03:20:19
9916,Brian Hall,brian.hall@gmail.com,+1-317-590-8867,uploads/resume_78.pdf,2025-11-24 03:20:19
9917,Kevin Rodriguez,kevin.rodriguez@gmail.com,+1-545-917-4345,uploads/resume_79.pdf,2025-11-24 03:20:19
9918,Nicole Martin,nicolemartin@yahoo.com,+1-615-851-9703,uploads/resume_80.pdf,2025-11-24 03:20:19
9919,Laura Thomas,laurathomas@icloud.com,+1-862-641-7981,uploads/resume_81.pdf,2025-11-24 03:20:19
9920,Lisa Lee,llee@hotmail.com,+1-446-646-1174,uploads/resume_82.pdf,2025-11-24 03:20:19
9921,Jessica White,jessicawhite@protonmail.com,+1-701-319-7978,uploads/resume_83.pdf,2025-11-24 03:20:19
9922,Michael Nelson,mnelson@protonmail.com,+1-501-255-2091,uploads/resume_84.pdf,2025-11-24 03:20:19
9923,Susan Perez,susan.perez@icloud.com,+1-254-408-9429,uploads/resume_85.pdf,2025-11-24 03:20:19
9924,Jennifer Young,jenniferyoung@gmail.com,+1-963-527-8255,uploads/resume_86.pdf,2025-11-24 03:20:19
9925,Emily Perez,emilyperez@hotmail.com,+1-422-853-8305,uploads/resume_87.pdf,2025-11-24 03:20:19
9926,Matthew Wright,mwright@protonmail.com,+1-356-784-2389,uploads/resume_88.pdf,2025-11-24 03:20:19
9927,Jessica Moore,jessicamoore@icloud.com,+1-244-797-6715,uploads/resume_89.pdf,2025-11-24 03:20:19
9928,Michael Evans,michael.evans@hotmail.com,+1-607-715-3933,uploads/resume_90.pdf,2025-11-24 03:20:19
9929,Amy Mitchell,amymitchell@protonmail.com,+1-445-593-7646,uploads/resume_91.pdf,2025-11-24 03:20:19
9930,Michelle Miller,michellemiller@outlook.com,+1-919-215-4573,uploads/resume_92.pdf,2025-11-24 03:20:19
9931,Andrew Jackson,andrew.jackson@outlook.com,+1-990-406-1020,uploads/resume_93.pdf,2025-11-24 03:20:19
9932,Jessica Lee,jlee@icloud.com,+1-410-709-2595,uploads/resume_94.pdf,2025-11-24 03:20:19
9933,Emily Wright,ewright@gmail.com,+1-318-410-8047,uploads/resume_95.pdf,2025-11-24 03:20:19
9934,Lisa Rogers,lrogers@outlook.com,+1-818-503-5405,uploads/resume_96.pdf,2025-11-24 03:20:19
9935,Robert Robinson,robert.robinson@hotmail.com,+1-652-468-5837,uploads/resume_97.pdf,2025-11-24 03:20:19
9936,Melissa Harris,mharris@yahoo.com,+1-459-336-1341,uploads/resume_98.pdf,2025-11-24 03:20:19
9937,Michelle Campbell,michelle.campbell@gmail.com,+1-904-547-7280,uploads/resume_99.pdf,2025-11-24 03:20:19
9938,Eric Evans,eric.evans@hotmail.com,+1-826-851-5755,uploads/resume_100.pdf,2025-11-24 03:20:19
9939,Melissa Perez,melissaperez@protonmail.com,+1-256-853-8932,uploads/resume_101.pdf,2025-11-24 03:20:19
9940,Angela Jackson,angelajackson@protonmail.com,+1-203-484-7429,uploads/resume_102.pdf,2025-11-24 03:20:19
9941,Kevin Miller,kevinmiller@icloud.com,+1-311-477-8229,uploads/resume_103.pdf,2025-11-24 03:20:19
9942,James Hill,jhill@icloud.com,+1-697-937-4597,uploads/resume_104.pdf,2025-11-24 03:20:19
9943,Amy Lewis,amylewis@icloud.com,+1-395-298-7959,uploads/resume_105.pdf,2025-11-24 03:20:19
9944,Ryan Nelson,ryan.nelson@hotmail.com,+1-209-990-2395,uploads/resume_106.pdf,2025-11-24 03:20:19
9945,Emily Moore,emilymoore@outlook.com,+1-321-787-9865,uploads/resume_107.pdf,2025-11-24 03:20:19
9946,Emily Collins,ecollins@gmail.com,+1-948-762-6063,uploads/resume_108.pdf,2025-11-24 03:20:19
9947,Lisa Williams,lisawilliams@outlook.com,+1-839-696-9005,uploads/resume_109.pdf,2025-11-24 03:20:19
9948,Angela Rodriguez,arodriguez@outlook.com,+1-509-854-3051,uploads/resume_110.pdf,2025-11-24 03:20:19
9949,Christopher Campbell,christophercampbell@yahoo.com,+1-879-488-8035,uploads/resume_111.pdf,2025-11-24 03:20:19
9950,Eric Carter,ecarter@outlook.com,+1-284-895-2861,uploads/resume_112.pdf,2025-11-24 03:20:19
9951,David Brown,davidbrown@outlook.com,+1-795-476-6495,uploads/resume_113.pdf,2025-11-24 03:20:19
9952,Michael Martinez,michaelmartinez@outlook.com,+1-484-941-1212,uploads/resume_114.pdf,2025-11-24 03:20:19
9953,Nicole Collins,nicole.collins@yahoo.com,+1-632-998-6772,uploads/resume_115.pdf,2025-11-24 03:20:19
9954,Amy Wilson,amywilson@hotmail.com,+1-292-380-9089,uploads/resume_116.pdf,2025-11-24 03:20:19
9955,Amanda Carter,acarter@protonmail.com,+1-625-863-3907,uploads/resume_117.pdf,2025-11-24 03:20:19
9956,Maria Jackson,maria.jackson@yahoo.com,+1-395-316-5062,uploads/resume_118.pdf,2025-11-24 03:20:19
9957,David Walker,dwalker@hotmail.com,+1-938-728-7461,uploads/resume_119.pdf,2025-11-24 03:20:19
9958,Joseph Garcia,joseph.garcia@yahoo.com,+1-751-850-4112,uploads/resume_120.pdf,2025-11-24 03:20:19
9959,Samantha Lopez,samantha.lopez@yahoo.com,+1-546-264-4540,uploads/resume_121.pdf,2025-11-24 03:20:19
9960,Steven Young,syoung@gmail.com,+1-560-869-3439,uploads/resume_122.pdf,2025-11-24 03:20:19
9961,Maria Turner,mturner@icloud.com,+1-977-312-1761,uploads/resume_123.pdf,2025-11-24 03:20:19
9962,Ashley Williams,awilliams@yahoo.com,+1-540-792-4959,uploads/resume_124.pdf,2025-11-24 03:20:19
9963,Emily Lopez,elopez@gmail.com,+1-541-316-5204,uploads/resume_125.pdf,2025-11-24 03:20:19
9964,Stephanie Adams,stephanieadams@icloud.com,+1-693-808-2253,uploads/resume_126.pdf,2025-11-24 03:20:19
9965,Heather Green,hgreen@gmail.com,+1-885-339-4023,uploads/resume_127.pdf,2025-11-24 03:20:19
9966,Mark Moore,mmoore@gmail.com,+1-362-489-7510,uploads/resume_128.pdf,2025-11-24 03:20:19
9967,William Martin,william.martin@yahoo.com,+1-600-988-4718,uploads/resume_129.pdf,2025-11-24 03:20:19
9968,Heather Carter,heathercarter@icloud.com,+1-220-276-5265,uploads/resume_130.pdf,2025-11-24 03:20:19
9969,Christopher Adams,cadams@protonmail.com,+1-572-763-5962,uploads/resume_131.pdf,2025-11-24 03:20:19
9970,Christopher Johnson,christopherjohnson@yahoo.com,+1-644-682-9420,uploads/resume_132.pdf,2025-11-24 03:20:19
9971,John Walker,john.walker@hotmail.com,+1-950-520-4347,uploads/resume_133.pdf,2025-11-24 03:20:19
9972,Thomas Baker,thomas.baker@icloud.com,+1-417-585-2756,uploads/resume_134.pdf,2025-11-24 03:20:19
9973,Jason Martin,jmartin@icloud.com,+1-256-728-1383,uploads/resume_135.pdf,2025-11-24 03:20:19
9974,Stephanie Martinez,stephaniemartinez@icloud.com,+1-332-728-3573,uploads/resume_136.pdf,2025-11-24 03:20:19
9975,Hannah Johnson,hjohnson@hotmail.com,+1-291-471-7760,uploads/resume_137.pdf,2025-11-24 03:20:19
9976,Ashley Allen,ashleyallen@yahoo.com,+1-642-524-9057,uploads/resume_138.pdf,2025-11-24 03:20:19
9977,Justin Johnson,justin.johnson@outlook.com,+1-485-483-1136,uploads/resume_139.pdf,2025-11-24 03:20:19
9978,Joseph Edwards,joseph.edwards@outlook.com,+1-202-296-3080,uploads/resume_140.pdf,2025-11-24 03:20:19
9979,Emily Nelson,emily.nelson@outlook.com,+1-625-959-1710,uploads/resume_141.pdf,2025-11-24 03:20:19
9980,Ryan Hall,ryan.hall@hotmail.com,+1-804-510-5824,uploads/resume_142.pdf,2025-11-24 03:20:19
9981,Nicole White,nicole.white@outlook.com,+1-787-466-1983,uploads/resume_143.pdf,2025-11-24 03:20:19
9982,Eric Mitchell,eric.mitchell@icloud.com,+1-363-749-8485,uploads/resume_144.pdf,2025-11-24 03:20:19
9983,Andrew Morris,andrew.morris@outlook.com,+1-755-274-2263,uploads/resume_145.pdf,2025-11-24 03:20:19
9984,Kimberly Edwards,kimberlyedwards@yahoo.com,+1-470-815-6193,uploads/resume_146.pdf,2025-11-24 03:20:19
9985,Kevin Scott,kscott@icloud.com,+1-663-986-2720,uploads/resume_147.pdf,2025-11-24 03:20:19
9986,Angela Nelson,angelanelson@icloud.com,+1-372-645-3579,uploads/resume_148.pdf,2025-11-24 03:20:19
9987,Amy Carter,amy.carter@protonmail.com,+1-419-910-6733,uploads/resume_149.pdf,2025-11-24 03:20:19
9988,Jason Phillips,jasonphillips@outlook.com,+1-443-789-4729,uploads/resume_150.pdf,2025-11-24 03:20:19
9989,Sarah King,sking@outlook.com,+1-286-274-6771,uploads/resume_151.pdf,2025-11-24 03:20:19
9990,Daniel Wright,dwright@protonmail.com,+1-431-543-2293,uploads/resume_152.pdf,2025-11-24 03:20:19
9991,Sarah Parker,sarah.parker@gmail.com,+1-846-343-4680,uploads/resume_153.pdf,2025-11-24 03:20:19
9992,Lauren Carter,lauren.carter@outlook.com,+1-232-444-7044,uploads/resume_154.pdf,2025-11-24 03:20:19
9993,Joseph Edwards,joseph.edwards@yahoo.com,+1-389-828-7862,uploads/resume_155.pdf,2025-11-24 03:20:19
9994,Jennifer Collins,jcollins@outlook.com,+1-667-302-8702,uploads/resume_156.pdf,2025-11-24 03:20:19
9995,Jennifer Martinez,jmartinez@icloud.com,+1-927-581-1166,uploads/resume_157.pdf,2025-11-24 03:20:19
9996,Richard Robinson,richard.robinson@protonmail.com,+1-865-291-8608,uploads/resume_158.pdf,2025-11-24 03:20:19
9997,Maria Lewis,mlewis@protonmail.com,+1-911-824-2600,uploads/resume_159.pdf,2025-11-24 03:20:19
9998,Steven Taylor,steventaylor@hotmail.com,+1-743-753-7519,uploads/resume_160.pdf,2025-11-24 03:20:19
9999,Robert Brown,robert.brown@protonmail.com,+1-559-970-6853,uploads/resume_161.pdf,2025-11-24 03:20:19
10000,Heather Hall,heatherhall@gmail.com,+1-975-751-2580,uploads/resume_162.pdf,2025-11-24 03:20:19
10001,Hannah Wright,hannah.wright@yahoo.com,+1-488-822-6207,uploads/resume_163.pdf,2025-11-24 03:20:19
10002,Jason Martinez,jasonmartinez@outlook.com,+1-499-705-2860,uploads/resume_164.pdf,2025-11-24 03:20:19
10003,Angela Taylor,angelataylor@outlook.com,+1-327-634-2252,uploads/resume_165.pdf,2025-11-24 03:20:19
10004,Elizabeth Robinson,erobinson@icloud.com,+1-256-682-2845,uploads/resume_166.pdf,2025-11-24 03:20:19
10005,Ashley Harris,ashley.harris@outlook.com,+1-312-675-4896,uploads/resume_167.pdf,2025-11-24 03:20:19
10006,Melissa Allen,melissa.allen@yahoo.com,+1-860-790-3153,uploads/resume_168.pdf,2025-11-24 03:20:19
10007,Lauren Scott,laurenscott@hotmail.com,+1-251-946-9358,uploads/resume_169.pdf,2025-11-24 03:20:19
10008,Laura Stewart,laurastewart@yahoo.com,+1-991-512-7719,uploads/resume_170.pdf,2025-11-24 03:20:19
10009,Brian White,brian.white@hotmail.com,+1-457-222-6880,uploads/resume_171.pdf,2025-11-24 03:20:19
10010,Joseph Perez,joseph.perez@gmail.com,+1-747-716-1276,uploads/resume_172.pdf,2025-11-24 03:20:19
10011,Eric Mitchell,ericmitchell@outlook.com,+1-233-351-1789,uploads/resume_173.pdf,2025-11-24 03:20:19
10012,Steven Miller,stevenmiller@outlook.com,+1-918-869-3588,uploads/resume_174.pdf,2025-11-24 03:20:19
10013,Sarah Allen,sarah.allen@yahoo.com,+1-736-929-8900,uploads/resume_175.pdf,2025-11-24 03:20:19
10014,Robert Baker,robertbaker@icloud.com,+1-843-326-9687,uploads/resume_176.pdf,2025-11-24 03:20:19
10015,Nicole Morris,nmorris@icloud.com,+1-334-908-1381,uploads/resume_177.pdf,2025-11-24 03:20:19
10016,Kevin Lopez,kevin.lopez@hotmail.com,+1-614-934-6153,uploads/resume_178.pdf,2025-11-24 03:20:19
10017,Jason Parker,jparker@outlook.com,+1-932-930-9755,uploads/resume_179.pdf,2025-11-24 03:20:19
10018,Nicole Rogers,nicolerogers@gmail.com,+1-603-589-3594,uploads/resume_180.pdf,2025-11-24 03:20:19
10019,Rebecca Stewart,rstewart@hotmail.com,+1-590-288-6576,uploads/resume_181.pdf,2025-11-24 03:20:19
10020,Michael Mitchell,mmitchell@hotmail.com,+1-849-947-9225,uploads/resume_182.pdf,2025-11-24 03:20:19
10021,Christopher Evans,christopher.evans@icloud.com,+1-705-339-4375,uploads/resume_183.pdf,2025-11-24 03:20:19
10022,Susan Miller,susanmiller@outlook.com,+1-902-680-1722,uploads/resume_184.pdf,2025-11-24 03:20:19
10023,Michelle Hill,mhill@protonmail.com,+1-227-648-8941,uploads/resume_185.pdf,2025-11-24 03:20:19
10024,Jessica White,jessicawhite@outlook.com,+1-223-862-8900,uploads/resume_186.pdf,2025-11-24 03:20:19
10025,Eric Miller,eric.miller@yahoo.com,+1-933-372-8453,uploads/resume_187.pdf,2025-11-24 03:20:19
10026,Lauren Morris,lmorris@icloud.com,+1-769-952-3822,uploads/resume_188.pdf,2025-11-24 03:20:19
10027,Eric King,eking@yahoo.com,+1-811-227-9659,uploads/resume_189.pdf,2025-11-24 03:20:19
10028,Laura Johnson,laura.johnson@gmail.com,+1-924-911-3569,uploads/resume_190.pdf,2025-11-24 03:20:19
10029,Rebecca Allen,rallen@protonmail.com,+1-884-228-6292,uploads/resume_191.pdf,2025-11-24 03:20:19
10030,Eric Hill,ehill@gmail.com,+1-279-998-4627,uploads/resume_192.pdf,2025-11-24 03:20:19
10031,Angela Evans,angela.evans@icloud.com,+1-421-955-1116,uploads/resume_193.pdf,2025-11-24 03:20:19
10032,Andrew Baker,andrewbaker@protonmail.com,+1-233-660-1291,uploads/resume_194.pdf,2025-11-24 03:20:19
10033,Joseph Davis,josephdavis@yahoo.com,+1-348-874-3868,uploads/resume_195.pdf,2025-11-24 03:20:19
10034,Nicole Davis,ndavis@outlook.com,+1-802-654-1565,uploads/resume_196.pdf,2025-11-24 03:20:19
10035,Elizabeth Garcia,elizabeth.garcia@outlook.com,+1-637-459-7526,uploads/resume_197.pdf,2025-11-24 03:20:19
10036,Brian Stewart,brian.stewart@gmail.com,+1-978-262-7908,uploads/resume_198.pdf,2025-11-24 03:20:19
10037,Maria Robinson,mariarobinson@yahoo.com,+1-832-926-2901,uploads/resume_199.pdf,2025-11-24 03:20:19
10038,Eric Young,ericyoung@yahoo.com,+1-406-909-5270,uploads/resume_200.pdf,2025-11-24 03:20:19
10039,Elizabeth Clark,eclark@yahoo.com,+1-749-397-4170,uploads/resume_201.pdf,2025-11-24 03:20:19
10040,Melissa Roberts,mroberts@outlook.com,+1-970-605-4329,uploads/resume_202.pdf,2025-11-24 03:20:19
10041,Lauren Green,lgreen@protonmail.com,+1-887-446-6491,uploads/resume_203.pdf,2025-11-24 03:20:19
10042,William Miller,william.miller@hotmail.com,+1-357-243-9960,uploads/resume_204.pdf,2025-11-24 03:20:19
10043,Laura Green,lauragreen@gmail.com,+1-431-622-7538,uploads/resume_205.pdf,2025-11-24 03:20:19
10044,John Wright,john.wright@yahoo.com,+1-773-263-3661,uploads/resume_206.pdf,2025-11-24 03:20:19
10045,Steven Scott,stevenscott@yahoo.com,+1-753-571-2628,uploads/resume_207.pdf,2025-11-24 03:20:19
10046,Rachel Morris,rmorris@protonmail.com,+1-582-625-2563,uploads/resume_208.pdf,2025-11-24 03:20:19
10047,Laura Roberts,lauraroberts@hotmail.com,+1-917-867-6333,uploads/resume_209.pdf,2025-11-24 03:20:19
10048,Richard King,richard.king@hotmail.com,+1-550-380-5825,uploads/resume_210.pdf,2025-11-24 03:20:19
10049,Steven Rogers,stevenrogers@gmail.com,+1-994-561-1686,uploads/resume_211.pdf,2025-11-24 03:20:19
10050,Melissa Johnson,melissa.johnson@hotmail.com,+1-222-884-6938,uploads/resume_212.pdf,2025-11-24 03:20:19
10051,Michelle Thomas,michellethomas@outlook.com,+1-583-767-9471,uploads/resume_213.pdf,2025-11-24 03:20:19
10052,William Rogers,william.rogers@hotmail.com,+1-566-715-7238,uploads/resume_214.pdf,2025-11-24 03:20:19
10053,Heather Turner,heather.turner@yahoo.com,+1-635-556-2735,uploads/resume_215.pdf,2025-11-24 03:20:19
10054,Joseph Brown,jbrown@protonmail.com,+1-503-681-3371,uploads/resume_216.pdf,2025-11-24 03:20:19
10055,Amanda Harris,amandaharris@hotmail.com,+1-884-574-1861,uploads/resume_217.pdf,2025-11-24 03:20:19
10056,Rebecca Allen,rebeccaallen@hotmail.com,+1-294-486-7912,uploads/resume_218.pdf,2025-11-24 03:20:19
10057,Susan Carter,susancarter@icloud.com,+1-857-779-5467,uploads/resume_219.pdf,2025-11-24 03:20:19
10058,Brandon Martinez,brandon.martinez@yahoo.com,+1-575-640-7338,uploads/resume_220.pdf,2025-11-24 03:20:19
10059,Kimberly Phillips,kphillips@protonmail.com,+1-490-591-5430,uploads/resume_221.pdf,2025-11-24 03:20:19
10060,Thomas King,thomas.king@outlook.com,+1-678-209-5803,uploads/resume_222.pdf,2025-11-24 03:20:19
10061,John Lewis,johnlewis@hotmail.com,+1-476-494-6186,uploads/resume_223.pdf,2025-11-24 03:20:19
10062,David Edwards,dedwards@gmail.com,+1-290-269-4191,uploads/resume_224.pdf,2025-11-24 03:20:19
10063,James Nelson,jamesnelson@hotmail.com,+1-756-882-8141,uploads/resume_225.pdf,2025-11-24 03:20:19
10064,John Martinez,john.martinez@icloud.com,+1-927-495-5516,uploads/resume_226.pdf,2025-11-24 03:20:19
10065,David Robinson,davidrobinson@yahoo.com,+1-443-320-7273,uploads/resume_227.pdf,2025-11-24 03:20:19
10066,Rebecca White,rebecca.white@icloud.com,+1-959-581-9894,uploads/resume_228.pdf,2025-11-24 03:20:19
10067,Michael Stewart,michael.stewart@gmail.com,+1-536-993-5540,uploads/resume_229.pdf,2025-11-24 03:20:19
10068,Rebecca Campbell,rebecca.campbell@icloud.com,+1-807-481-5679,uploads/resume_230.pdf,2025-11-24 03:20:19
10069,Elizabeth Johnson,elizabethjohnson@protonmail.com,+1-696-805-6371,uploads/resume_231.pdf,2025-11-24 03:20:19
10070,Laura Carter,lauracarter@hotmail.com,+1-204-493-1220,uploads/resume_232.pdf,2025-11-24 03:20:19
10071,John Harris,jharris@hotmail.com,+1-475-430-9988,uploads/resume_233.pdf,2025-11-24 03:20:19
10072,Christopher Morris,christopher.morris@hotmail.com,+1-258-621-7628,uploads/resume_234.pdf,2025-11-24 03:20:19
10073,Brian Campbell,briancampbell@outlook.com,+1-211-634-7180,uploads/resume_235.pdf,2025-11-24 03:20:19
10074,Brian Rodriguez,brodriguez@outlook.com,+1-267-971-2170,uploads/resume_236.pdf,2025-11-24 03:20:19
10075,Samantha Martinez,samantha.martinez@icloud.com,+1-543-338-2688,uploads/resume_237.pdf,2025-11-24 03:20:19
10076,Jessica Hill,jessicahill@yahoo.com,+1-469-263-7166,uploads/resume_238.pdf,2025-11-24 03:20:19
10077,Matthew Allen,matthewallen@gmail.com,+1-808-246-2570,uploads/resume_239.pdf,2025-11-24 03:20:19
10078,Kevin Hill,kevin.hill@hotmail.com,+1-769-492-8893,uploads/resume_240.pdf,2025-11-24 03:20:19
10079,Sarah Collins,sarahcollins@gmail.com,+1-716-729-8770,uploads/resume_241.pdf,2025-11-24 03:20:19
10080,Hannah Garcia,hannah.garcia@outlook.com,+1-429-764-5239,uploads/resume_242.pdf,2025-11-24 03:20:19
10081,Justin Green,jgreen@protonmail.com,+1-798-795-9833,uploads/resume_243.pdf,2025-11-24 03:20:19
10082,Jennifer Williams,jwilliams@yahoo.com,+1-399-995-4733,uploads/resume_244.pdf,2025-11-24 03:20:19
10083,Daniel Morris,danielmorris@gmail.com,+1-262-906-8734,uploads/resume_245.pdf,2025-11-24 03:20:19
10084,Michelle Morris,michellemorris@icloud.com,+1-530-917-4528,uploads/resume_246.pdf,2025-11-24 03:20:19
10085,James Rogers,james.rogers@outlook.com,+1-566-616-8067,uploads/resume_247.pdf,2025-11-24 03:20:19
10086,Lisa Davis,lisa.davis@yahoo.com,+1-263-740-8372,uploads/resume_248.pdf,2025-11-24 03:20:19
10087,Andrew Young,ayoung@yahoo.com,+1-760-746-3425,uploads/resume_249.pdf,2025-11-24 03:20:19
10088,Rachel Nelson,rachelnelson@icloud.com,+1-659-409-2546,uploads/resume_250.pdf,2025-11-24 03:20:19
10089,Jennifer Lewis,jlewis@yahoo.com,+1-629-817-4164,uploads/resume_251.pdf,2025-11-24 03:20:19
10090,Steven Phillips,sphillips@yahoo.com,+1-859-252-1732,uploads/resume_252.pdf,2025-11-24 03:20:19
10091,Matthew Collins,mcollins@yahoo.com,+1-312-704-6333,uploads/resume_253.pdf,2025-11-24 03:20:19
10092,Paul Phillips,paul.phillips@icloud.com,+1-910-526-5082,uploads/resume_254.pdf,2025-11-24 03:20:19
10093,Brandon Harris,brandonharris@gmail.com,+1-849-555-1844,uploads/resume_255.pdf,2025-11-24 03:20:19
10094,Steven Turner,steventurner@icloud.com,+1-472-200-6477,uploads/resume_256.pdf,2025-11-24 03:20:19
10095,Jessica Green,jessica.green@hotmail.com,+1-850-376-8395,uploads/resume_257.pdf,2025-11-24 03:20:19
10096,Eric White,ericwhite@yahoo.com,+1-255-920-5983,uploads/resume_258.pdf,2025-11-24 03:20:19
10097,Michelle Allen,michelle.allen@yahoo.com,+1-265-233-9866,uploads/resume_259.pdf,2025-11-24 03:20:19
10098,James Young,jamesyoung@outlook.com,+1-896-546-2394,uploads/resume_260.pdf,2025-11-24 03:20:19
10099,Michael Martinez,mmartinez@yahoo.com,+1-964-765-5708,uploads/resume_261.pdf,2025-11-24 03:20:19
10100,Paul Rogers,paul.rogers@gmail.com,+1-960-804-2153,uploads/resume_262.pdf,2025-11-24 03:20:19
10101,Paul Rogers,paul.rogers@hotmail.com,+1-578-705-3309,uploads/resume_263.pdf,2025-11-24 03:20:19
10102,Paul Clark,pclark@hotmail.com,+1-697-267-5831,uploads/resume_264.pdf,2025-11-24 03:20:19
10103,Kimberly Rodriguez,kimberlyrodriguez@hotmail.com,+1-256-457-4439,uploads/resume_265.pdf,2025-11-24 03:20:19
10104,John Wilson,john.wilson@outlook.com,+1-202-972-4420,uploads/resume_266.pdf,2025-11-24 03:20:19
10105,Andrew Hall,andrew.hall@gmail.com,+1-632-692-7190,uploads/resume_267.pdf,2025-11-24 03:20:19
10106,Andrew Thomas,athomas@protonmail.com,+1-314-444-7140,uploads/resume_268.pdf,2025-11-24 03:20:19
10107,Ashley Thomas,ashley.thomas@yahoo.com,+1-707-766-4391,uploads/resume_269.pdf,2025-11-24 03:20:19
10108,William Brown,williambrown@yahoo.com,+1-416-374-5288,uploads/resume_270.pdf,2025-11-24 03:20:19
10109,Christopher Adams,christopher.adams@hotmail.com,+1-494-516-7582,uploads/resume_271.pdf,2025-11-24 03:20:19
10110,Richard White,richardwhite@outlook.com,+1-219-372-4219,uploads/resume_272.pdf,2025-11-24 03:20:19
10111,Heather Johnson,heatherjohnson@icloud.com,+1-781-631-3177,uploads/resume_273.pdf,2025-11-24 03:20:19
10112,David Miller,dmiller@yahoo.com,+1-218-824-7524,uploads/resume_274.pdf,2025-11-24 03:20:19
10113,Elizabeth Perez,eperez@hotmail.com,+1-412-479-4198,uploads/resume_275.pdf,2025-11-24 03:20:19
10114,Kevin Thomas,kevinthomas@gmail.com,+1-390-396-6948,uploads/resume_276.pdf,2025-11-24 03:20:19
10115,Nicole Lee,nlee@outlook.com,+1-694-637-7713,uploads/resume_277.pdf,2025-11-24 03:20:19
10116,Jessica Rodriguez,jrodriguez@protonmail.com,+1-778-498-9368,uploads/resume_278.pdf,2025-11-24 03:20:19
10117,Amy Allen,amy.allen@yahoo.com,+1-202-330-6180,uploads/resume_279.pdf,2025-11-24 03:20:19
10118,Brian Anderson,banderson@hotmail.com,+1-773-788-5136,uploads/resume_280.pdf,2025-11-24 03:20:19
10119,Rachel Collins,rachel.collins@gmail.com,+1-951-648-8680,uploads/resume_281.pdf,2025-11-24 03:20:19
10120,Steven Phillips,stevenphillips@gmail.com,+1-875-294-9950,uploads/resume_282.pdf,2025-11-24 03:20:19
10121,Eric Johnson,ejohnson@yahoo.com,+1-360-390-7112,uploads/resume_283.pdf,2025-11-24 03:20:19
10122,David Carter,david.carter@protonmail.com,+1-897-227-2716,uploads/resume_284.pdf,2025-11-24 03:20:19
10123,Amy Edwards,aedwards@outlook.com,+1-693-759-2992,uploads/resume_285.pdf,2025-11-24 03:20:19
10124,Robert Walker,robertwalker@hotmail.com,+1-691-982-8973,uploads/resume_286.pdf,2025-11-24 03:20:19
10125,Brandon Perez,brandonperez@protonmail.com,+1-969-575-9718,uploads/resume_287.pdf,2025-11-24 03:20:19
10126,Steven Hall,steven.hall@hotmail.com,+1-375-383-1916,uploads/resume_288.pdf,2025-11-24 03:20:19
10127,Daniel Hill,danielhill@hotmail.com,+1-247-517-9735,uploads/resume_289.pdf,2025-11-24 03:20:19
10128,Ashley Morris,ashley.morris@icloud.com,+1-943-542-5717,uploads/resume_290.pdf,2025-11-24 03:20:19
10129,Michelle Walker,michellewalker@yahoo.com,+1-483-387-7079,uploads/resume_291.pdf,2025-11-24 03:20:19
10130,Rachel Roberts,rachel.roberts@gmail.com,+1-766-810-2401,uploads/resume_292.pdf,2025-11-24 03:20:19
10131,Jessica Jackson,jessica.jackson@hotmail.com,+1-469-758-9043,uploads/resume_293.pdf,2025-11-24 03:20:19
10132,Stephanie Phillips,stephanie.phillips@gmail.com,+1-404-767-1675,uploads/resume_294.pdf,2025-11-24 03:20:19
10133,Daniel Rogers,daniel.rogers@gmail.com,+1-616-788-8270,uploads/resume_295.pdf,2025-11-24 03:20:19
10134,Stephanie Martin,stephanie.martin@outlook.com,+1-843-757-1166,uploads/resume_296.pdf,2025-11-24 03:20:19
10135,Stephanie Mitchell,stephaniemitchell@outlook.com,+1-284-379-3988,uploads/resume_297.pdf,2025-11-24 03:20:19
10136,Michael Young,michaelyoung@icloud.com,+1-615-375-7429,uploads/resume_298.pdf,2025-11-24 03:20:19
10137,William Allen,william.allen@hotmail.com,+1-887-909-6247,uploads/resume_299.pdf,2025-11-24 03:20:19
10138,Laura Baker,laura.baker@gmail.com,+1-920-307-7851,uploads/resume_300.pdf,2025-11-24 03:20:19
10139,Amanda Hill,ahill@outlook.com,+1-217-628-4012,uploads/resume_301.pdf,2025-11-24 03:20:19
10140,Heather Wright,hwright@hotmail.com,+1-258-388-2774,uploads/resume_302.pdf,2025-11-24 03:20:19
10141,Emily Perez,eperez@yahoo.com,+1-823-288-6940,uploads/resume_303.pdf,2025-11-24 03:20:19
10142,Matthew Johnson,matthewjohnson@outlook.com,+1-865-308-5867,uploads/resume_304.pdf,2025-11-24 03:20:19
10143,Christopher Parker,cparker@protonmail.com,+1-774-504-7131,uploads/resume_305.pdf,2025-11-24 03:20:19
10144,Steven Mitchell,steven.mitchell@outlook.com,+1-916-403-2359,uploads/resume_306.pdf,2025-11-24 03:20:19
10145,Richard Collins,richardcollins@yahoo.com,+1-279-992-2798,uploads/resume_307.pdf,2025-11-24 03:20:19
10146,Angela Brown,abrown@outlook.com,+1-382-528-1282,uploads/resume_308.pdf,2025-11-24 03:20:19
10147,Laura Hall,laurahall@protonmail.com,+1-250-493-1307,uploads/resume_309.pdf,2025-11-24 03:20:19
10148,Lauren Collins,lauren.collins@gmail.com,+1-983-805-6573,uploads/resume_310.pdf,2025-11-24 03:20:19
10149,James Perez,jamesperez@protonmail.com,+1-831-234-5237,uploads/resume_311.pdf,2025-11-24 03:20:19
10150,Amanda Johnson,amandajohnson@yahoo.com,+1-937-432-4554,uploads/resume_312.pdf,2025-11-24 03:20:19
10151,Ashley Lopez,ashleylopez@yahoo.com,+1-246-388-1510,uploads/resume_313.pdf,2025-11-24 03:20:19
10152,Matthew Evans,matthewevans@outlook.com,+1-671-889-6635,uploads/resume_314.pdf,2025-11-24 03:20:19
10153,Brandon Roberts,brandon.roberts@yahoo.com,+1-586-359-8217,uploads/resume_315.pdf,2025-11-24 03:20:19
10154,Michael Perez,michaelperez@gmail.com,+1-738-822-1271,uploads/resume_316.pdf,2025-11-24 03:20:19
10155,Michelle Jackson,mjackson@icloud.com,+1-289-642-1323,uploads/resume_317.pdf,2025-11-24 03:20:19
10156,Sarah Jackson,sarahjackson@protonmail.com,+1-251-885-2118,uploads/resume_318.pdf,2025-11-24 03:20:19
10157,James Green,jamesgreen@yahoo.com,+1-475-561-5854,uploads/resume_319.pdf,2025-11-24 03:20:19
10158,Matthew Rogers,matthew.rogers@icloud.com,+1-311-211-6325,uploads/resume_320.pdf,2025-11-24 03:20:19
10159,Melissa Miller,melissamiller@yahoo.com,+1-439-586-7338,uploads/resume_321.pdf,2025-11-24 03:20:19
10160,Angela Robinson,angela.robinson@outlook.com,+1-554-565-7990,uploads/resume_322.pdf,2025-11-24 03:20:19
10161,Christopher Morris,christophermorris@yahoo.com,+1-360-277-8882,uploads/resume_323.pdf,2025-11-24 03:20:19
10162,Justin Perez,jperez@gmail.com,+1-229-472-3869,uploads/resume_324.pdf,2025-11-24 03:20:19
10163,Hannah Garcia,hgarcia@yahoo.com,+1-760-303-1967,uploads/resume_325.pdf,2025-11-24 03:20:19
10164,Lauren Williams,lwilliams@yahoo.com,+1-957-391-7139,uploads/resume_326.pdf,2025-11-24 03:20:19
10165,Maria Clark,maria.clark@protonmail.com,+1-221-998-6658,uploads/resume_327.pdf,2025-11-24 03:20:19
10166,Joseph Nelson,josephnelson@yahoo.com,+1-560-497-8724,uploads/resume_328.pdf,2025-11-24 03:20:19
10167,Angela Evans,angelaevans@protonmail.com,+1-548-469-6548,uploads/resume_329.pdf,2025-11-24 03:20:19
10168,Kimberly Allen,kimberlyallen@hotmail.com,+1-660-640-2363,uploads/resume_330.pdf,2025-11-24 03:20:19
10169,Joseph Allen,josephallen@yahoo.com,+1-982-590-2531,uploads/resume_331.pdf,2025-11-24 03:20:19
10170,Laura Williams,lwilliams@gmail.com,+1-256-422-3509,uploads/resume_332.pdf,2025-11-24 03:20:19
10171,Jessica Carter,jcarter@outlook.com,+1-332-984-2680,uploads/resume_333.pdf,2025-11-24 03:20:19
10172,Joseph Miller,joseph.miller@outlook.com,+1-525-915-3973,uploads/resume_334.pdf,2025-11-24 03:20:19
10173,Heather Green,hgreen@protonmail.com,+1-572-743-1271,uploads/resume_335.pdf,2025-11-24 03:20:19
10174,Christopher Allen,christopher.allen@outlook.com,+1-339-522-9612,uploads/resume_336.pdf,2025-11-24 03:20:19
10175,Rachel Garcia,rachelgarcia@gmail.com,+1-873-763-6551,uploads/resume_337.pdf,2025-11-24 03:20:19
10176,Mark Parker,markparker@hotmail.com,+1-738-792-3231,uploads/resume_338.pdf,2025-11-24 03:20:19
10177,Christopher Roberts,christopherroberts@icloud.com,+1-283-392-5722,uploads/resume_339.pdf,2025-11-24 03:20:19
10178,Brian Collins,bcollins@gmail.com,+1-561-742-8424,uploads/resume_340.pdf,2025-11-24 03:20:19
10179,Angela Nelson,angela.nelson@icloud.com,+1-577-430-4894,uploads/resume_341.pdf,2025-11-24 03:20:19
10180,Maria Stewart,mariastewart@hotmail.com,+1-763-453-4095,uploads/resume_342.pdf,2025-11-24 03:20:19
10181,Ryan White,ryanwhite@hotmail.com,+1-825-723-5487,uploads/resume_343.pdf,2025-11-24 03:20:19
10182,James Anderson,jamesanderson@outlook.com,+1-813-926-7244,uploads/resume_344.pdf,2025-11-24 03:20:19
10183,Christopher Clark,christopherclark@outlook.com,+1-585-577-4435,uploads/resume_345.pdf,2025-11-24 03:20:19
10184,Jason Martin,jasonmartin@icloud.com,+1-544-558-3815,uploads/resume_346.pdf,2025-11-24 03:20:19
10185,James Green,james.green@hotmail.com,+1-719-492-9805,uploads/resume_347.pdf,2025-11-24 03:20:19
10186,Amy Taylor,amy.taylor@outlook.com,+1-255-978-1938,uploads/resume_348.pdf,2025-11-24 03:20:19
10187,Jason King,jasonking@hotmail.com,+1-842-566-9000,uploads/resume_349.pdf,2025-11-24 03:20:19
10188,Matthew Stewart,matthew.stewart@outlook.com,+1-503-982-8121,uploads/resume_350.pdf,2025-11-24 03:20:19
10189,Mark Morris,mmorris@outlook.com,+1-636-365-5483,uploads/resume_351.pdf,2025-11-24 03:20:19
10190,Joseph Scott,jscott@outlook.com,+1-287-521-9351,uploads/resume_352.pdf,2025-11-24 03:20:19
10191,Samantha Wilson,swilson@icloud.com,+1-234-900-3534,uploads/resume_353.pdf,2025-11-24 03:20:19
10192,Daniel Jackson,djackson@outlook.com,+1-509-784-4571,uploads/resume_354.pdf,2025-11-24 03:20:19
10193,Maria Robinson,mariarobinson@outlook.com,+1-740-761-1766,uploads/resume_355.pdf,2025-11-24 03:20:19
10194,Kimberly Edwards,kedwards@protonmail.com,+1-705-451-7824,uploads/resume_356.pdf,2025-11-24 03:20:19
10195,Thomas Martinez,thomas.martinez@yahoo.com,+1-237-309-6609,uploads/resume_357.pdf,2025-11-24 03:20:19
10196,Ryan Phillips,ryan.phillips@outlook.com,+1-241-989-4972,uploads/resume_358.pdf,2025-11-24 03:20:19
10197,Laura Nelson,lnelson@gmail.com,+1-429-654-4128,uploads/resume_359.pdf,2025-11-24 03:20:19
10198,Kimberly Rogers,krogers@protonmail.com,+1-663-660-3776,uploads/resume_360.pdf,2025-11-24 03:20:19
10199,Sarah Walker,sarahwalker@protonmail.com,+1-699-637-4346,uploads/resume_361.pdf,2025-11-24 03:20:19
10200,Amy Taylor,amytaylor@icloud.com,+1-902-288-4613,uploads/resume_362.pdf,2025-11-24 03:20:19
10201,Stephanie Lewis,stephanielewis@outlook.com,+1-977-699-9856,uploads/resume_363.pdf,2025-11-24 03:20:19
10202,Richard Martinez,rmartinez@protonmail.com,+1-414-249-5030,uploads/resume_364.pdf,2025-11-24 03:20:19
10203,Jennifer Robinson,jennifer.robinson@gmail.com,+1-788-876-8513,uploads/resume_365.pdf,2025-11-24 03:20:19
10204,Justin Anderson,justinanderson@protonmail.com,+1-950-671-9121,uploads/resume_366.pdf,2025-11-24 03:20:19
10205,Justin Campbell,jcampbell@outlook.com,+1-486-250-8082,uploads/resume_367.pdf,2025-11-24 03:20:19
10206,Jessica Williams,jessicawilliams@yahoo.com,+1-746-770-1714,uploads/resume_368.pdf,2025-11-24 03:20:19
10207,Lauren Carter,lcarter@outlook.com,+1-350-798-9153,uploads/resume_369.pdf,2025-11-24 03:20:19
10208,Justin Evans,jevans@icloud.com,+1-753-973-4851,uploads/resume_370.pdf,2025-11-24 03:20:19
10209,Daniel Perez,danielperez@outlook.com,+1-490-424-8449,uploads/resume_371.pdf,2025-11-24 03:20:19
10210,Ashley Wilson,ashleywilson@icloud.com,+1-289-224-2928,uploads/resume_372.pdf,2025-11-24 03:20:19
10211,Brian Johnson,brianjohnson@icloud.com,+1-721-806-9743,uploads/resume_373.pdf,2025-11-24 03:20:19
10212,Ryan Johnson,ryanjohnson@outlook.com,+1-760-909-2321,uploads/resume_374.pdf,2025-11-24 03:20:19
10213,Thomas Davis,tdavis@outlook.com,+1-504-437-4415,uploads/resume_375.pdf,2025-11-24 03:20:19
10214,Justin Baker,jbaker@outlook.com,+1-266-650-7024,uploads/resume_376.pdf,2025-11-24 03:20:19
10215,Jessica Edwards,jessicaedwards@outlook.com,+1-553-476-5907,uploads/resume_377.pdf,2025-11-24 03:20:19
10216,Ashley Robinson,ashley.robinson@outlook.com,+1-687-912-7813,uploads/resume_378.pdf,2025-11-24 03:20:19
10217,Angela Rogers,angela.rogers@gmail.com,+1-672-499-3894,uploads/resume_379.pdf,2025-11-24 03:20:19
10218,Michelle Williams,michellewilliams@hotmail.com,+1-459-279-4271,uploads/resume_380.pdf,2025-11-24 03:20:19
10219,Kimberly Parker,kparker@hotmail.com,+1-639-467-3988,uploads/resume_381.pdf,2025-11-24 03:20:19
10220,Ryan King,ryanking@protonmail.com,+1-860-423-6988,uploads/resume_382.pdf,2025-11-24 03:20:19
10221,Lauren Davis,ldavis@yahoo.com,+1-835-437-6956,uploads/resume_383.pdf,2025-11-24 03:20:19
10222,Stephanie Parker,stephanieparker@yahoo.com,+1-681-275-2814,uploads/resume_384.pdf,2025-11-24 03:20:19
10223,James Rodriguez,james.rodriguez@protonmail.com,+1-469-784-3211,uploads/resume_385.pdf,2025-11-24 03:20:19
10224,Christopher Lee,christopher.lee@icloud.com,+1-761-969-5343,uploads/resume_386.pdf,2025-11-24 03:20:19
10225,Michael Turner,michaelturner@outlook.com,+1-273-644-8329,uploads/resume_387.pdf,2025-11-24 03:20:19
10226,Angela Campbell,angela.campbell@yahoo.com,+1-280-499-4382,uploads/resume_388.pdf,2025-11-24 03:20:19
10227,Joseph Thompson,joseph.thompson@protonmail.com,+1-748-504-7163,uploads/resume_389.pdf,2025-11-24 03:20:19
10228,Angela White,angela.white@yahoo.com,+1-469-463-8860,uploads/resume_390.pdf,2025-11-24 03:20:19
10229,Kimberly Hill,kimberly.hill@hotmail.com,+1-610-624-5302,uploads/resume_391.pdf,2025-11-24 03:20:19
10230,Justin Adams,justinadams@hotmail.com,+1-852-290-2833,uploads/resume_392.pdf,2025-11-24 03:20:19
10231,Jason King,jking@yahoo.com,+1-934-735-7795,uploads/resume_393.pdf,2025-11-24 03:20:19
10232,Eric Nelson,ericnelson@icloud.com,+1-225-345-5784,uploads/resume_394.pdf,2025-11-24 03:20:19
10233,Rachel Martin,rmartin@protonmail.com,+1-387-906-8643,uploads/resume_395.pdf,2025-11-24 03:20:19
10234,Kimberly Clark,kclark@hotmail.com,+1-662-731-2993,uploads/resume_396.pdf,2025-11-24 03:20:19
10235,Rachel Stewart,rachel.stewart@hotmail.com,+1-205-976-4425,uploads/resume_397.pdf,2025-11-24 03:20:19
10236,Lisa Harris,lisa.harris@yahoo.com,+1-303-314-6012,uploads/resume_398.pdf,2025-11-24 03:20:19
10237,Brandon Taylor,btaylor@protonmail.com,+1-474-443-9631,uploads/resume_399.pdf,2025-11-24 03:20:19
10238,Brandon Adams,brandonadams@hotmail.com,+1-670-374-7830,uploads/resume_400.pdf,2025-11-24 03:20:19
10239,Rebecca Green,rebeccagreen@gmail.com,+1-737-946-8505,uploads/resume_401.pdf,2025-11-24 03:20:19
10240,Jessica Thompson,jthompson@icloud.com,+1-548-263-6999,uploads/resume_402.pdf,2025-11-24 03:20:19
10241,Emily Walker,ewalker@outlook.com,+1-935-506-3554,uploads/resume_403.pdf,2025-11-24 03:20:19
10242,Stephanie Adams,stephanie.adams@icloud.com,+1-522-202-4672,uploads/resume_404.pdf,2025-11-24 03:20:19
10243,Christopher King,christopherking@protonmail.com,+1-207-343-5181,uploads/resume_405.pdf,2025-11-24 03:20:19
10244,Brian Hill,brianhill@protonmail.com,+1-547-565-3953,uploads/resume_406.pdf,2025-11-24 03:20:19
10245,Jessica Rodriguez,jessicarodriguez@outlook.com,+1-551-566-5332,uploads/resume_407.pdf,2025-11-24 03:20:19
10246,Mark Young,myoung@protonmail.com,+1-258-284-6890,uploads/resume_408.pdf,2025-11-24 03:20:19
10247,Paul Hall,phall@gmail.com,+1-693-250-7622,uploads/resume_409.pdf,2025-11-24 03:20:19
10248,Emily Parker,emily.parker@protonmail.com,+1-333-358-2335,uploads/resume_410.pdf,2025-11-24 03:20:19
10249,Samantha Stewart,sstewart@protonmail.com,+1-620-555-5811,uploads/resume_411.pdf,2025-11-24 03:20:19
10250,David Garcia,david.garcia@yahoo.com,+1-713-989-2157,uploads/resume_412.pdf,2025-11-24 03:20:19
10251,Kevin Rogers,krogers@outlook.com,+1-642-737-8188,uploads/resume_413.pdf,2025-11-24 03:20:19
10252,Susan Walker,swalker@icloud.com,+1-683-430-2729,uploads/resume_414.pdf,2025-11-24 03:20:19
10253,Ashley Jackson,ashleyjackson@outlook.com,+1-303-918-4877,uploads/resume_415.pdf,2025-11-24 03:20:19
10254,Michael Mitchell,michael.mitchell@yahoo.com,+1-498-667-9953,uploads/resume_416.pdf,2025-11-24 03:20:19
10255,Michael Young,michaelyoung@outlook.com,+1-797-830-2621,uploads/resume_417.pdf,2025-11-24 03:20:19
10256,Rachel Evans,rachelevans@outlook.com,+1-858-736-6102,uploads/resume_418.pdf,2025-11-24 03:20:19
10257,Joseph Davis,joseph.davis@yahoo.com,+1-925-898-4059,uploads/resume_419.pdf,2025-11-24 03:20:19
10258,David Collins,davidcollins@gmail.com,+1-780-619-4244,uploads/resume_420.pdf,2025-11-24 03:20:19
10259,Jessica Mitchell,jessicamitchell@icloud.com,+1-625-494-6597,uploads/resume_421.pdf,2025-11-24 03:20:19
10260,Matthew Lee,mlee@icloud.com,+1-632-894-3213,uploads/resume_422.pdf,2025-11-24 03:20:19
10261,Melissa Evans,mevans@icloud.com,+1-946-966-1480,uploads/resume_423.pdf,2025-11-24 03:20:19
10262,Eric Roberts,eroberts@hotmail.com,+1-757-411-9414,uploads/resume_424.pdf,2025-11-24 03:20:19
10263,Steven Harris,stevenharris@gmail.com,+1-482-491-1470,uploads/resume_425.pdf,2025-11-24 03:20:19
10264,Nicole Collins,ncollins@yahoo.com,+1-641-558-2556,uploads/resume_426.pdf,2025-11-24 03:20:19
10265,Jessica Baker,jessica.baker@outlook.com,+1-498-488-5802,uploads/resume_427.pdf,2025-11-24 03:20:19
10266,Susan Garcia,susan.garcia@yahoo.com,+1-817-996-1099,uploads/resume_428.pdf,2025-11-24 03:20:19
10267,Jessica Perez,jessicaperez@icloud.com,+1-982-727-5545,uploads/resume_429.pdf,2025-11-24 03:20:19
10268,Kevin Edwards,kevin.edwards@protonmail.com,+1-399-671-3713,uploads/resume_430.pdf,2025-11-24 03:20:19
10269,Laura Lewis,llewis@outlook.com,+1-894-328-3362,uploads/resume_431.pdf,2025-11-24 03:20:19
10270,Daniel Green,daniel.green@yahoo.com,+1-819-585-4486,uploads/resume_432.pdf,2025-11-24 03:20:19
10271,John Clark,jclark@hotmail.com,+1-982-832-4237,uploads/resume_433.pdf,2025-11-24 03:20:19
10272,Samantha Lopez,samantha.lopez@gmail.com,+1-450-730-1673,uploads/resume_434.pdf,2025-11-24 03:20:19
10273,Rachel Jackson,racheljackson@hotmail.com,+1-984-321-3924,uploads/resume_435.pdf,2025-11-24 03:20:19
10274,Mark Johnson,markjohnson@gmail.com,+1-458-360-1090,uploads/resume_436.pdf,2025-11-24 03:20:19
10275,John Brown,jbrown@hotmail.com,+1-936-481-1077,uploads/resume_437.pdf,2025-11-24 03:20:19
10276,Lauren Wright,laurenwright@icloud.com,+1-643-992-4476,uploads/resume_438.pdf,2025-11-24 03:20:19
10277,Rebecca Hill,rebeccahill@yahoo.com,+1-651-508-2646,uploads/resume_439.pdf,2025-11-24 03:20:19
10278,Kimberly Lewis,klewis@outlook.com,+1-368-492-9516,uploads/resume_440.pdf,2025-11-24 03:20:19
10279,James Perez,jamesperez@hotmail.com,+1-546-207-7003,uploads/resume_441.pdf,2025-11-24 03:20:19
10280,Stephanie Moore,smoore@icloud.com,+1-982-380-5115,uploads/resume_442.pdf,2025-11-24 03:20:19
10281,Andrew Young,andrewyoung@gmail.com,+1-564-604-4692,uploads/resume_443.pdf,2025-11-24 03:20:19
10282,Justin Adams,justin.adams@gmail.com,+1-696-331-2460,uploads/resume_444.pdf,2025-11-24 03:20:19
10283,Laura Lewis,laura.lewis@gmail.com,+1-825-269-3980,uploads/resume_445.pdf,2025-11-24 03:20:19
10284,Andrew Edwards,aedwards@icloud.com,+1-955-976-3556,uploads/resume_446.pdf,2025-11-24 03:20:19
10285,Steven Williams,steven.williams@hotmail.com,+1-965-257-5621,uploads/resume_447.pdf,2025-11-24 03:20:19
10286,Eric Allen,eric.allen@hotmail.com,+1-520-551-1682,uploads/resume_448.pdf,2025-11-24 03:20:19
10287,James Morris,james.morris@outlook.com,+1-928-614-4001,uploads/resume_449.pdf,2025-11-24 03:20:19
10288,Ryan King,rking@yahoo.com,+1-993-429-8132,uploads/resume_450.pdf,2025-11-24 03:20:19
10289,Rebecca Baker,rebeccabaker@protonmail.com,+1-891-860-9905,uploads/resume_451.pdf,2025-11-24 03:20:19
10290,Brandon Garcia,brandongarcia@icloud.com,+1-607-937-2210,uploads/resume_452.pdf,2025-11-24 03:20:19
10291,Hannah Walker,hwalker@icloud.com,+1-881-357-4865,uploads/resume_453.pdf,2025-11-24 03:20:19
10292,Laura Green,lgreen@icloud.com,+1-823-275-2951,uploads/resume_454.pdf,2025-11-24 03:20:19
10293,Jessica Scott,jessicascott@gmail.com,+1-412-622-7214,uploads/resume_455.pdf,2025-11-24 03:20:19
10294,Justin Mitchell,jmitchell@outlook.com,+1-990-447-8646,uploads/resume_456.pdf,2025-11-24 03:20:19
10295,Daniel Lewis,daniellewis@gmail.com,+1-443-982-2134,uploads/resume_457.pdf,2025-11-24 03:20:19
10296,Justin Thompson,justinthompson@hotmail.com,+1-605-312-1740,uploads/resume_458.pdf,2025-11-24 03:20:19
10297,Nicole Thompson,nicolethompson@outlook.com,+1-653-659-6943,uploads/resume_459.pdf,2025-11-24 03:20:19
10298,Hannah Lee,hannahlee@outlook.com,+1-846-644-6254,uploads/resume_460.pdf,2025-11-24 03:20:19
10299,Laura Roberts,laura.roberts@protonmail.com,+1-899-348-6925,uploads/resume_461.pdf,2025-11-24 03:20:19
10300,Samantha Thomas,samantha.thomas@hotmail.com,+1-596-971-2834,uploads/resume_462.pdf,2025-11-24 03:20:19
10301,Melissa Lee,melissalee@hotmail.com,+1-873-294-3452,uploads/resume_463.pdf,2025-11-24 03:20:19
10302,Melissa Lopez,melissa.lopez@icloud.com,+1-629-363-8101,uploads/resume_464.pdf,2025-11-24 03:20:19
10303,Andrew Wilson,andrewwilson@icloud.com,+1-240-348-2659,uploads/resume_465.pdf,2025-11-24 03:20:19
10304,Jessica Scott,jessica.scott@yahoo.com,+1-935-451-8733,uploads/resume_466.pdf,2025-11-24 03:20:19
10305,Heather Brown,heatherbrown@outlook.com,+1-857-680-2592,uploads/resume_467.pdf,2025-11-24 03:20:19
10306,William Johnson,wjohnson@yahoo.com,+1-551-682-8486,uploads/resume_468.pdf,2025-11-24 03:20:19
10307,Sarah Young,sarahyoung@yahoo.com,+1-398-383-4677,uploads/resume_469.pdf,2025-11-24 03:20:19
10308,Michelle Baker,michelle.baker@gmail.com,+1-973-407-1490,uploads/resume_470.pdf,2025-11-24 03:20:19
10309,Richard Nelson,richardnelson@outlook.com,+1-542-218-5004,uploads/resume_471.pdf,2025-11-24 03:20:19
10310,Mark Rogers,mrogers@icloud.com,+1-965-580-3492,uploads/resume_472.pdf,2025-11-24 03:20:19
10311,Mark Martin,mark.martin@yahoo.com,+1-735-914-3460,uploads/resume_473.pdf,2025-11-24 03:20:19
10312,Justin Campbell,justin.campbell@gmail.com,+1-965-527-7990,uploads/resume_474.pdf,2025-11-24 03:20:19
10313,Michelle Turner,michelleturner@protonmail.com,+1-707-223-7385,uploads/resume_475.pdf,2025-11-24 03:20:19
10314,Angela Moore,amoore@hotmail.com,+1-298-675-5991,uploads/resume_476.pdf,2025-11-24 03:20:19
10315,Laura Parker,laura.parker@hotmail.com,+1-631-760-9821,uploads/resume_477.pdf,2025-11-24 03:20:19
10316,Michelle Adams,michelle.adams@gmail.com,+1-271-856-4846,uploads/resume_478.pdf,2025-11-24 03:20:19
10317,Hannah Stewart,hannahstewart@outlook.com,+1-540-595-3009,uploads/resume_479.pdf,2025-11-24 03:20:19
10318,Elizabeth Johnson,elizabethjohnson@yahoo.com,+1-395-459-9855,uploads/resume_480.pdf,2025-11-24 03:20:19
10319,Christopher Taylor,ctaylor@gmail.com,+1-215-533-4311,uploads/resume_481.pdf,2025-11-24 03:20:19
10320,Justin Martinez,jmartinez@yahoo.com,+1-963-760-9476,uploads/resume_482.pdf,2025-11-24 03:20:19
10321,Amy Thomas,athomas@gmail.com,+1-581-333-9721,uploads/resume_483.pdf,2025-11-24 03:20:19
10322,Brian Thompson,brian.thompson@hotmail.com,+1-574-857-1586,uploads/resume_484.pdf,2025-11-24 03:20:19
10323,Paul Lee,paullee@gmail.com,+1-271-508-9550,uploads/resume_485.pdf,2025-11-24 03:20:19
10324,Amy Hill,ahill@yahoo.com,+1-210-715-5480,uploads/resume_486.pdf,2025-11-24 03:20:19
10325,Mark Roberts,mroberts@yahoo.com,+1-332-530-4860,uploads/resume_487.pdf,2025-11-24 03:20:19
10326,Paul King,pking@hotmail.com,+1-810-864-2126,uploads/resume_488.pdf,2025-11-24 03:20:19
10327,Robert Roberts,rroberts@gmail.com,+1-654-375-7241,uploads/resume_489.pdf,2025-11-24 03:20:19
10328,Kevin Carter,kcarter@hotmail.com,+1-317-674-3430,uploads/resume_490.pdf,2025-11-24 03:20:19
10329,Jennifer Walker,jennifer.walker@gmail.com,+1-486-219-3898,uploads/resume_491.pdf,2025-11-24 03:20:19
10330,Stephanie Hill,stephaniehill@hotmail.com,+1-942-439-3772,uploads/resume_492.pdf,2025-11-24 03:20:19
10331,Amy Morris,amy.morris@protonmail.com,+1-504-836-6228,uploads/resume_493.pdf,2025-11-24 03:20:19
10332,John Baker,jbaker@yahoo.com,+1-436-209-3458,uploads/resume_494.pdf,2025-11-24 03:20:19
10333,Joseph Jackson,jjackson@hotmail.com,+1-897-426-7450,uploads/resume_495.pdf,2025-11-24 03:20:19
10334,Nicole Walker,nicolewalker@hotmail.com,+1-551-974-5923,uploads/resume_496.pdf,2025-11-24 03:20:19
10335,Ashley Nelson,ashley.nelson@gmail.com,+1-998-415-8092,uploads/resume_497.pdf,2025-11-24 03:20:19
10336,Laura Moore,lmoore@yahoo.com,+1-330-852-3839,uploads/resume_498.pdf,2025-11-24 03:20:19
10337,Michael Jackson,michaeljackson@yahoo.com,+1-436-570-9236,uploads/resume_499.pdf,2025-11-24 03:20:19
10338,Jennifer Clark,jenniferclark@hotmail.com,+1-582-556-5144,uploads/resume_500.pdf,2025-11-24 03:20:19
10339,Hannah Young,hannah.young@outlook.com,+1-818-692-5379,uploads/resume_501.pdf,2025-11-24 03:20:19
10340,Kimberly Lee,kimberlylee@hotmail.com,+1-560-200-6504,uploads/resume_502.pdf,2025-11-24 03:20:19
10341,Samantha Jackson,sjackson@icloud.com,+1-490-948-8936,uploads/resume_503.pdf,2025-11-24 03:20:19
10342,Joseph Brown,josephbrown@yahoo.com,+1-989-229-9126,uploads/resume_504.pdf,2025-11-24 03:20:19
10343,Melissa Jackson,melissa.jackson@yahoo.com,+1-535-238-2922,uploads/resume_505.pdf,2025-11-24 03:20:19
10344,William Anderson,william.anderson@protonmail.com,+1-638-501-5998,uploads/resume_506.pdf,2025-11-24 03:20:19
10345,Paul Miller,pmiller@protonmail.com,+1-588-932-6255,uploads/resume_507.pdf,2025-11-24 03:20:19
10346,Jennifer Wright,jennifer.wright@icloud.com,+1-657-212-6515,uploads/resume_508.pdf,2025-11-24 03:20:19
10347,Angela Hill,angelahill@gmail.com,+1-840-607-9816,uploads/resume_509.pdf,2025-11-24 03:20:19
10348,Laura Lewis,lauralewis@protonmail.com,+1-812-882-8144,uploads/resume_510.pdf,2025-11-24 03:20:19
10349,Laura Taylor,ltaylor@gmail.com,+1-793-468-2407,uploads/resume_511.pdf,2025-11-24 03:20:19
10350,Michelle Rodriguez,michellerodriguez@protonmail.com,+1-203-332-9821,uploads/resume_512.pdf,2025-11-24 03:20:19
10351,Robert Walker,robertwalker@gmail.com,+1-558-255-8448,uploads/resume_513.pdf,2025-11-24 03:20:19
10352,Michelle Baker,michellebaker@icloud.com,+1-860-756-8287,uploads/resume_514.pdf,2025-11-24 03:20:19
10353,Kevin Carter,kevin.carter@hotmail.com,+1-593-877-6498,uploads/resume_515.pdf,2025-11-24 03:20:19
10354,Brandon Lewis,blewis@hotmail.com,+1-255-499-2311,uploads/resume_516.pdf,2025-11-24 03:20:19
10355,Jason Martin,jmartin@hotmail.com,+1-739-534-8372,uploads/resume_517.pdf,2025-11-24 03:20:19
10356,Nicole Scott,nicole.scott@yahoo.com,+1-497-652-2661,uploads/resume_518.pdf,2025-11-24 03:20:19
10357,Samantha Carter,scarter@gmail.com,+1-768-892-7927,uploads/resume_519.pdf,2025-11-24 03:20:19
10358,Heather Martinez,heathermartinez@icloud.com,+1-645-496-8240,uploads/resume_520.pdf,2025-11-24 03:20:19
10359,Laura Jackson,ljackson@yahoo.com,+1-828-639-7443,uploads/resume_521.pdf,2025-11-24 03:20:19
10360,Kimberly Rogers,kimberlyrogers@gmail.com,+1-933-809-2861,uploads/resume_522.pdf,2025-11-24 03:20:19
10361,Melissa Brown,melissabrown@yahoo.com,+1-675-816-6628,uploads/resume_523.pdf,2025-11-24 03:20:19
10362,Thomas Wright,twright@icloud.com,+1-945-246-8980,uploads/resume_524.pdf,2025-11-24 03:20:19
10363,Rebecca Williams,rwilliams@outlook.com,+1-612-854-8599,uploads/resume_525.pdf,2025-11-24 03:20:19
10364,Emily Phillips,emilyphillips@outlook.com,+1-905-401-7344,uploads/resume_526.pdf,2025-11-24 03:20:19
10365,Lisa Parker,lisaparker@icloud.com,+1-558-630-2183,uploads/resume_527.pdf,2025-11-24 03:20:19
10366,Daniel Green,daniel.green@protonmail.com,+1-655-605-9127,uploads/resume_528.pdf,2025-11-24 03:20:19
10367,Samantha Williams,samanthawilliams@yahoo.com,+1-755-210-1376,uploads/resume_529.pdf,2025-11-24 03:20:19
10368,Jessica Green,jessicagreen@hotmail.com,+1-626-572-3442,uploads/resume_530.pdf,2025-11-24 03:20:19
10369,Paul Martinez,paulmartinez@outlook.com,+1-273-254-6990,uploads/resume_531.pdf,2025-11-24 03:20:19
10370,Richard Brown,richard.brown@icloud.com,+1-491-646-8893,uploads/resume_532.pdf,2025-11-24 03:20:19
10371,Stephanie Green,sgreen@yahoo.com,+1-981-203-4796,uploads/resume_533.pdf,2025-11-24 03:20:19
10372,Christopher Davis,cdavis@outlook.com,+1-382-457-4292,uploads/resume_534.pdf,2025-11-24 03:20:19
10373,Richard Thompson,rthompson@protonmail.com,+1-479-662-2682,uploads/resume_535.pdf,2025-11-24 03:20:19
10374,Brian Harris,brian.harris@hotmail.com,+1-591-399-5549,uploads/resume_536.pdf,2025-11-24 03:20:19
10375,Sarah Robinson,sarah.robinson@protonmail.com,+1-738-792-1980,uploads/resume_537.pdf,2025-11-24 03:20:19
10376,Robert Rodriguez,rrodriguez@hotmail.com,+1-620-873-3394,uploads/resume_538.pdf,2025-11-24 03:20:19
10377,John Jackson,jjackson@gmail.com,+1-679-978-3582,uploads/resume_539.pdf,2025-11-24 03:20:19
10378,Kevin Perez,kperez@hotmail.com,+1-706-758-3693,uploads/resume_540.pdf,2025-11-24 03:20:19
10379,Samantha Adams,samantha.adams@protonmail.com,+1-712-385-2814,uploads/resume_541.pdf,2025-11-24 03:20:19
10380,Amanda Phillips,aphillips@yahoo.com,+1-723-890-4713,uploads/resume_542.pdf,2025-11-24 03:20:19
10381,Justin Stewart,justin.stewart@protonmail.com,+1-829-390-7614,uploads/resume_543.pdf,2025-11-24 03:20:19
10382,Susan Thomas,susan.thomas@protonmail.com,+1-431-982-8410,uploads/resume_544.pdf,2025-11-24 03:20:19
10383,David Taylor,david.taylor@hotmail.com,+1-587-359-5025,uploads/resume_545.pdf,2025-11-24 03:20:19
10384,Lisa Roberts,lisaroberts@outlook.com,+1-745-424-1993,uploads/resume_546.pdf,2025-11-24 03:20:19
10385,Stephanie Young,stephanie.young@yahoo.com,+1-841-555-9922,uploads/resume_547.pdf,2025-11-24 03:20:19
10386,Rebecca White,rebeccawhite@protonmail.com,+1-710-327-2495,uploads/resume_548.pdf,2025-11-24 03:20:19
10387,Ryan Collins,ryancollins@protonmail.com,+1-540-782-9760,uploads/resume_549.pdf,2025-11-24 03:20:19
10388,Amy Mitchell,amymitchell@icloud.com,+1-955-603-5320,uploads/resume_550.pdf,2025-11-24 03:20:19
10389,Mark Miller,markmiller@icloud.com,+1-553-267-7672,uploads/resume_551.pdf,2025-11-24 03:20:19
10390,Ashley King,aking@protonmail.com,+1-257-337-2759,uploads/resume_552.pdf,2025-11-24 03:20:19
10391,Mark Lopez,marklopez@protonmail.com,+1-659-747-9796,uploads/resume_553.pdf,2025-11-24 03:20:19
10392,James Wright,james.wright@hotmail.com,+1-434-361-4703,uploads/resume_554.pdf,2025-11-24 03:20:19
10393,James Harris,jamesharris@gmail.com,+1-283-632-1993,uploads/resume_555.pdf,2025-11-24 03:20:19
10394,Ashley Parker,ashleyparker@hotmail.com,+1-358-239-6277,uploads/resume_556.pdf,2025-11-24 03:20:19
10395,Ashley Turner,aturner@icloud.com,+1-912-834-4006,uploads/resume_557.pdf,2025-11-24 03:20:19
10396,Paul Wright,pwright@yahoo.com,+1-990-560-6574,uploads/resume_558.pdf,2025-11-24 03:20:19
10397,Mark Young,markyoung@icloud.com,+1-241-522-7033,uploads/resume_559.pdf,2025-11-24 03:20:19
10398,James Thompson,james.thompson@gmail.com,+1-749-323-7693,uploads/resume_560.pdf,2025-11-24 03:20:19
10399,Rebecca Wright,rwright@outlook.com,+1-971-337-3808,uploads/resume_561.pdf,2025-11-24 03:20:19
10400,Michelle Morris,mmorris@icloud.com,+1-760-554-6972,uploads/resume_562.pdf,2025-11-24 03:20:19
10401,Jessica Stewart,jstewart@gmail.com,+1-461-223-5680,uploads/resume_563.pdf,2025-11-24 03:20:19
10402,William Baker,williambaker@icloud.com,+1-707-330-3120,uploads/resume_564.pdf,2025-11-24 03:20:19
10403,Richard Mitchell,richardmitchell@yahoo.com,+1-295-828-6222,uploads/resume_565.pdf,2025-11-24 03:20:19
10404,Justin Clark,justin.clark@outlook.com,+1-338-928-6490,uploads/resume_566.pdf,2025-11-24 03:20:19
10405,William Allen,wallen@hotmail.com,+1-597-968-8490,uploads/resume_567.pdf,2025-11-24 03:20:19
10406,Lauren Jackson,ljackson@gmail.com,+1-526-448-7730,uploads/resume_568.pdf,2025-11-24 03:20:19
10407,Elizabeth Garcia,egarcia@hotmail.com,+1-890-439-1954,uploads/resume_569.pdf,2025-11-24 03:20:19
10408,Eric Baker,eric.baker@protonmail.com,+1-871-663-8100,uploads/resume_570.pdf,2025-11-24 03:20:19
10409,Jennifer Miller,jennifermiller@gmail.com,+1-962-581-3080,uploads/resume_571.pdf,2025-11-24 03:20:19
10410,Paul Campbell,pcampbell@gmail.com,+1-207-941-2940,uploads/resume_572.pdf,2025-11-24 03:20:19
10411,Emily Lee,elee@hotmail.com,+1-625-896-9280,uploads/resume_573.pdf,2025-11-24 03:20:19
10412,Stephanie Jackson,stephanie.jackson@protonmail.com,+1-676-321-5744,uploads/resume_574.pdf,2025-11-24 03:20:19
10413,Mark Johnson,mjohnson@gmail.com,+1-727-473-9427,uploads/resume_575.pdf,2025-11-24 03:20:19
10414,Sarah Green,sarahgreen@icloud.com,+1-810-375-2079,uploads/resume_576.pdf,2025-11-24 03:20:19
10415,Emily King,emilyking@yahoo.com,+1-776-337-5425,uploads/resume_577.pdf,2025-11-24 03:20:19
10416,Justin Edwards,justin.edwards@icloud.com,+1-568-338-3050,uploads/resume_578.pdf,2025-11-24 03:20:19
10417,Michael Nelson,mnelson@gmail.com,+1-580-431-4128,uploads/resume_579.pdf,2025-11-24 03:20:19
10418,Kevin Rogers,kevin.rogers@outlook.com,+1-274-754-8586,uploads/resume_580.pdf,2025-11-24 03:20:19
10419,Rachel Wilson,rwilson@icloud.com,+1-642-239-1185,uploads/resume_581.pdf,2025-11-24 03:20:19
10420,Lauren Phillips,lphillips@yahoo.com,+1-782-798-6132,uploads/resume_582.pdf,2025-11-24 03:20:19
10421,Angela Jackson,angelajackson@icloud.com,+1-381-556-2835,uploads/resume_583.pdf,2025-11-24 03:20:19
10422,Justin Jackson,justinjackson@yahoo.com,+1-544-951-5028,uploads/resume_584.pdf,2025-11-24 03:20:19
10423,Thomas Carter,thomas.carter@gmail.com,+1-490-481-5445,uploads/resume_585.pdf,2025-11-24 03:20:19
10424,Thomas Walker,thomaswalker@yahoo.com,+1-211-780-2186,uploads/resume_586.pdf,2025-11-24 03:20:19
10425,Paul Anderson,paul.anderson@yahoo.com,+1-455-377-3081,uploads/resume_587.pdf,2025-11-24 03:20:19
10426,William Walker,wwalker@outlook.com,+1-725-596-6878,uploads/resume_588.pdf,2025-11-24 03:20:19
10427,Heather Walker,hwalker@gmail.com,+1-263-817-5384,uploads/resume_589.pdf,2025-11-24 03:20:19
10428,Andrew Rodriguez,andrewrodriguez@gmail.com,+1-669-473-6421,uploads/resume_590.pdf,2025-11-24 03:20:19
10429,Nicole Martin,nmartin@outlook.com,+1-387-631-2625,uploads/resume_591.pdf,2025-11-24 03:20:19
10430,Heather Davis,heather.davis@icloud.com,+1-837-310-2049,uploads/resume_592.pdf,2025-11-24 03:20:19
10431,Rebecca Morris,rebeccamorris@outlook.com,+1-819-458-3194,uploads/resume_593.pdf,2025-11-24 03:20:19
10432,Ryan Roberts,ryanroberts@protonmail.com,+1-383-992-3286,uploads/resume_594.pdf,2025-11-24 03:20:19
10433,Kimberly Hall,kimberlyhall@icloud.com,+1-994-463-5695,uploads/resume_595.pdf,2025-11-24 03:20:19
10434,Lauren King,lauren.king@hotmail.com,+1-389-615-7267,uploads/resume_596.pdf,2025-11-24 03:20:19
10435,Rebecca Adams,rebeccaadams@hotmail.com,+1-623-486-9506,uploads/resume_597.pdf,2025-11-24 03:20:19
10436,Jennifer Taylor,jennifertaylor@protonmail.com,+1-925-507-9842,uploads/resume_598.pdf,2025-11-24 03:20:19
10437,Sarah Jackson,sarah.jackson@yahoo.com,+1-844-437-5104,uploads/resume_599.pdf,2025-11-24 03:20:19
10438,James Green,james.green@yahoo.com,+1-216-278-6319,uploads/resume_600.pdf,2025-11-24 03:20:19
10439,Kimberly Martin,kimberly.martin@outlook.com,+1-596-782-2455,uploads/resume_601.pdf,2025-11-24 03:20:19
10440,Emily Lee,emily.lee@hotmail.com,+1-523-283-7038,uploads/resume_602.pdf,2025-11-24 03:20:19
10441,Susan Rodriguez,susan.rodriguez@yahoo.com,+1-689-578-8604,uploads/resume_603.pdf,2025-11-24 03:20:19
10442,Brian Martinez,bmartinez@gmail.com,+1-381-319-8444,uploads/resume_604.pdf,2025-11-24 03:20:19
10443,Stephanie Evans,stephanieevans@icloud.com,+1-266-612-2746,uploads/resume_605.pdf,2025-11-24 03:20:19
10444,Robert Evans,robert.evans@protonmail.com,+1-253-392-1158,uploads/resume_606.pdf,2025-11-24 03:20:19
10445,William Lopez,williamlopez@gmail.com,+1-681-419-1724,uploads/resume_607.pdf,2025-11-24 03:20:19
10446,Jennifer Allen,jennifer.allen@icloud.com,+1-223-641-6451,uploads/resume_608.pdf,2025-11-24 03:20:19
10447,Ashley Taylor,ashley.taylor@icloud.com,+1-659-279-7387,uploads/resume_609.pdf,2025-11-24 03:20:19
10448,Rachel Young,ryoung@icloud.com,+1-344-469-3542,uploads/resume_610.pdf,2025-11-24 03:20:19
10449,Emily Rodriguez,erodriguez@outlook.com,+1-289-964-2747,uploads/resume_611.pdf,2025-11-24 03:20:19
10450,Angela Lee,angelalee@icloud.com,+1-887-211-7062,uploads/resume_612.pdf,2025-11-24 03:20:19
10451,Paul Rodriguez,paul.rodriguez@yahoo.com,+1-688-292-4246,uploads/resume_613.pdf,2025-11-24 03:20:19
10452,Laura Rogers,laurarogers@hotmail.com,+1-320-243-5606,uploads/resume_614.pdf,2025-11-24 03:20:19
10453,Sarah Jackson,sjackson@protonmail.com,+1-357-257-4969,uploads/resume_615.pdf,2025-11-24 03:20:19
10454,Heather Rogers,heather.rogers@outlook.com,+1-444-597-6992,uploads/resume_616.pdf,2025-11-24 03:20:19
10455,Sarah Thompson,sarahthompson@yahoo.com,+1-835-885-6734,uploads/resume_617.pdf,2025-11-24 03:20:19
10456,Brian Miller,brian.miller@protonmail.com,+1-272-449-6506,uploads/resume_618.pdf,2025-11-24 03:20:19
10457,Lisa Lee,llee@gmail.com,+1-245-346-9297,uploads/resume_619.pdf,2025-11-24 03:20:19
10458,Andrew Young,andrewyoung@yahoo.com,+1-902-709-7034,uploads/resume_620.pdf,2025-11-24 03:20:19
10459,Heather Lee,heather.lee@yahoo.com,+1-460-275-6545,uploads/resume_621.pdf,2025-11-24 03:20:19
10460,Rachel Campbell,rcampbell@gmail.com,+1-369-637-4612,uploads/resume_622.pdf,2025-11-24 03:20:19
10461,David Evans,devans@hotmail.com,+1-648-355-8917,uploads/resume_623.pdf,2025-11-24 03:20:19
10462,Sarah Rodriguez,srodriguez@outlook.com,+1-827-853-9002,uploads/resume_624.pdf,2025-11-24 03:20:19
10463,Jessica Perez,jperez@icloud.com,+1-912-351-6429,uploads/resume_625.pdf,2025-11-24 03:20:19
10464,Lisa Wright,lwright@gmail.com,+1-214-933-3105,uploads/resume_626.pdf,2025-11-24 03:20:19
10465,Eric Garcia,egarcia@outlook.com,+1-489-982-3337,uploads/resume_627.pdf,2025-11-24 03:20:19
10466,Samantha White,swhite@outlook.com,+1-825-497-5457,uploads/resume_628.pdf,2025-11-24 03:20:19
10467,Michael King,mking@protonmail.com,+1-515-853-7838,uploads/resume_629.pdf,2025-11-24 03:20:19
10468,Ashley Scott,ashley.scott@icloud.com,+1-819-904-7267,uploads/resume_630.pdf,2025-11-24 03:20:19
10469,Amy Anderson,aanderson@outlook.com,+1-537-239-7720,uploads/resume_631.pdf,2025-11-24 03:20:19
10470,Jessica Morris,jessica.morris@yahoo.com,+1-780-292-1324,uploads/resume_632.pdf,2025-11-24 03:20:19
10471,James Hall,james.hall@yahoo.com,+1-713-833-9775,uploads/resume_633.pdf,2025-11-24 03:20:19
10472,Nicole Hall,nhall@icloud.com,+1-731-573-6386,uploads/resume_634.pdf,2025-11-24 03:20:19
10473,Richard Mitchell,richard.mitchell@icloud.com,+1-351-761-1860,uploads/resume_635.pdf,2025-11-24 03:20:19
10474,Nicole Collins,nicolecollins@protonmail.com,+1-891-959-2383,uploads/resume_636.pdf,2025-11-24 03:20:19
10475,Jessica Scott,jessica.scott@hotmail.com,+1-606-378-8094,uploads/resume_637.pdf,2025-11-24 03:20:19
10476,Rebecca Clark,rebeccaclark@hotmail.com,+1-726-290-4436,uploads/resume_638.pdf,2025-11-24 03:20:19
10477,Hannah Scott,hscott@gmail.com,+1-543-702-8224,uploads/resume_639.pdf,2025-11-24 03:20:19
10478,Amy Scott,amyscott@hotmail.com,+1-359-588-1290,uploads/resume_640.pdf,2025-11-24 03:20:19
10479,David Thompson,david.thompson@hotmail.com,+1-926-372-5647,uploads/resume_641.pdf,2025-11-24 03:20:19
10480,Andrew Martin,amartin@hotmail.com,+1-735-418-4062,uploads/resume_642.pdf,2025-11-24 03:20:19
10481,Melissa Clark,melissaclark@protonmail.com,+1-829-735-5385,uploads/resume_643.pdf,2025-11-24 03:20:19
10482,Amanda King,amanda.king@icloud.com,+1-213-247-2540,uploads/resume_644.pdf,2025-11-24 03:20:19
10483,Melissa Perez,melissaperez@gmail.com,+1-439-936-9734,uploads/resume_645.pdf,2025-11-24 03:20:19
10484,Kevin Scott,kevin.scott@gmail.com,+1-767-358-2833,uploads/resume_646.pdf,2025-11-24 03:20:19
10485,Lisa Mitchell,lisa.mitchell@hotmail.com,+1-601-652-6452,uploads/resume_647.pdf,2025-11-24 03:20:19
10486,Hannah Johnson,hannah.johnson@outlook.com,+1-490-893-7210,uploads/resume_648.pdf,2025-11-24 03:20:19
10487,Brandon Martin,brandonmartin@gmail.com,+1-789-445-5241,uploads/resume_649.pdf,2025-11-24 03:20:19
10488,James Nelson,jamesnelson@icloud.com,+1-887-861-1937,uploads/resume_650.pdf,2025-11-24 03:20:19
10489,Angela Nelson,anelson@icloud.com,+1-376-890-1333,uploads/resume_651.pdf,2025-11-24 03:20:19
10490,Stephanie Turner,stephanieturner@outlook.com,+1-276-473-3428,uploads/resume_652.pdf,2025-11-24 03:20:19
10491,Melissa Parker,mparker@yahoo.com,+1-310-593-9849,uploads/resume_653.pdf,2025-11-24 03:20:19
10492,Michael Perez,michael.perez@icloud.com,+1-688-826-9720,uploads/resume_654.pdf,2025-11-24 03:20:19
10493,Maria Evans,maria.evans@gmail.com,+1-584-636-1848,uploads/resume_655.pdf,2025-11-24 03:20:19
10494,Heather Nelson,heathernelson@protonmail.com,+1-242-735-7197,uploads/resume_656.pdf,2025-11-24 03:20:19
10495,Angela Miller,angela.miller@yahoo.com,+1-841-577-3368,uploads/resume_657.pdf,2025-11-24 03:20:19
10496,Eric Thomas,eric.thomas@gmail.com,+1-987-986-7229,uploads/resume_658.pdf,2025-11-24 03:20:19
10497,Jason White,jasonwhite@yahoo.com,+1-956-656-7081,uploads/resume_659.pdf,2025-11-24 03:20:19
10498,James Harris,james.harris@protonmail.com,+1-749-672-3317,uploads/resume_660.pdf,2025-11-24 03:20:19
10499,James Hill,jameshill@icloud.com,+1-807-329-5077,uploads/resume_661.pdf,2025-11-24 03:20:19
10500,Emily Clark,emily.clark@icloud.com,+1-385-837-6322,uploads/resume_662.pdf,2025-11-24 03:20:19
10501,Andrew Lopez,andrew.lopez@yahoo.com,+1-650-443-4440,uploads/resume_663.pdf,2025-11-24 03:20:19
10502,Eric Perez,eperez@gmail.com,+1-983-881-9310,uploads/resume_664.pdf,2025-11-24 03:20:19
10503,Laura Harris,laura.harris@protonmail.com,+1-944-734-9023,uploads/resume_665.pdf,2025-11-24 03:20:19
10504,Justin Harris,justin.harris@gmail.com,+1-809-408-4015,uploads/resume_666.pdf,2025-11-24 03:20:19
10505,Susan White,susan.white@protonmail.com,+1-522-728-4026,uploads/resume_667.pdf,2025-11-24 03:20:19
10506,Susan Garcia,susangarcia@outlook.com,+1-413-405-3692,uploads/resume_668.pdf,2025-11-24 03:20:19
10507,Rachel Wright,rachel.wright@outlook.com,+1-350-824-1576,uploads/resume_669.pdf,2025-11-24 03:20:19
10508,Ryan Perez,ryanperez@outlook.com,+1-790-294-6194,uploads/resume_670.pdf,2025-11-24 03:20:19
10509,Brian Phillips,bphillips@gmail.com,+1-211-632-4547,uploads/resume_671.pdf,2025-11-24 03:20:19
10510,Hannah Turner,hannahturner@yahoo.com,+1-282-498-5702,uploads/resume_672.pdf,2025-11-24 03:20:19
10511,Laura Martinez,laura.martinez@hotmail.com,+1-833-253-8823,uploads/resume_673.pdf,2025-11-24 03:20:19
10512,Laura Lopez,lauralopez@hotmail.com,+1-949-483-2115,uploads/resume_674.pdf,2025-11-24 03:20:19
10513,Maria Phillips,mphillips@icloud.com,+1-286-596-2916,uploads/resume_675.pdf,2025-11-24 03:20:19
10514,Mark Walker,mark.walker@yahoo.com,+1-794-980-3909,uploads/resume_676.pdf,2025-11-24 03:20:19
10515,Angela Hill,angela.hill@icloud.com,+1-584-317-4202,uploads/resume_677.pdf,2025-11-24 03:20:19
10516,Matthew Allen,matthewallen@icloud.com,+1-680-322-9371,uploads/resume_678.pdf,2025-11-24 03:20:19
10517,Samantha Davis,samantha.davis@gmail.com,+1-556-866-6969,uploads/resume_679.pdf,2025-11-24 03:20:19
10518,Nicole Young,nyoung@icloud.com,+1-502-822-8054,uploads/resume_680.pdf,2025-11-24 03:20:19
10519,Angela Evans,aevans@protonmail.com,+1-491-852-5410,uploads/resume_681.pdf,2025-11-24 03:20:19
10520,Rachel Hill,rachelhill@protonmail.com,+1-891-272-7570,uploads/resume_682.pdf,2025-11-24 03:20:19
10521,Rachel Evans,rachel.evans@icloud.com,+1-977-393-8104,uploads/resume_683.pdf,2025-11-24 03:20:19
10522,Rebecca Robinson,rrobinson@hotmail.com,+1-243-529-3624,uploads/resume_684.pdf,2025-11-24 03:20:19
10523,Matthew Wright,matthew.wright@outlook.com,+1-846-265-1172,uploads/resume_685.pdf,2025-11-24 03:20:19
10524,Jennifer Williams,jwilliams@outlook.com,+1-570-721-6755,uploads/resume_686.pdf,2025-11-24 03:20:19
10525,Stephanie Parker,sparker@yahoo.com,+1-620-873-6167,uploads/resume_687.pdf,2025-11-24 03:20:19
10526,Ashley Jackson,ashley.jackson@outlook.com,+1-789-384-4777,uploads/resume_688.pdf,2025-11-24 03:20:19
10527,Angela Brown,angela.brown@gmail.com,+1-325-792-5847,uploads/resume_689.pdf,2025-11-24 03:20:19
10528,Jason Stewart,jason.stewart@yahoo.com,+1-839-890-3400,uploads/resume_690.pdf,2025-11-24 03:20:19
10529,John Taylor,johntaylor@hotmail.com,+1-869-388-9753,uploads/resume_691.pdf,2025-11-24 03:20:19
10530,David Adams,david.adams@gmail.com,+1-401-929-2186,uploads/resume_692.pdf,2025-11-24 03:20:19
10531,Nicole White,nicolewhite@gmail.com,+1-921-204-8453,uploads/resume_693.pdf,2025-11-24 03:20:19
10532,Elizabeth Hall,elizabeth.hall@protonmail.com,+1-232-451-5602,uploads/resume_694.pdf,2025-11-24 03:20:19
10533,Daniel Green,dgreen@protonmail.com,+1-924-583-3948,uploads/resume_695.pdf,2025-11-24 03:20:19
10534,Susan Moore,smoore@gmail.com,+1-695-762-4567,uploads/resume_696.pdf,2025-11-24 03:20:19
10535,James Perez,jperez@protonmail.com,+1-274-752-9205,uploads/resume_697.pdf,2025-11-24 03:20:19
10536,Lauren Mitchell,laurenmitchell@gmail.com,+1-856-468-7744,uploads/resume_698.pdf,2025-11-24 03:20:19
10537,Lauren Walker,lauren.walker@protonmail.com,+1-991-824-1242,uploads/resume_699.pdf,2025-11-24 03:20:19
10538,Melissa Anderson,melissaanderson@icloud.com,+1-446-474-5331,uploads/resume_700.pdf,2025-11-24 03:20:19
10539,Ashley Hall,ashley.hall@outlook.com,+1-628-272-5460,uploads/resume_701.pdf,2025-11-24 03:20:19
10540,Eric Adams,eadams@icloud.com,+1-886-656-7743,uploads/resume_702.pdf,2025-11-24 03:20:19
10541,Kevin Collins,kcollins@gmail.com,+1-236-725-7226,uploads/resume_703.pdf,2025-11-24 03:20:19
10542,Justin Phillips,justin.phillips@outlook.com,+1-320-580-2226,uploads/resume_704.pdf,2025-11-24 03:20:19
10543,Richard Young,ryoung@protonmail.com,+1-332-769-2854,uploads/resume_705.pdf,2025-11-24 03:20:19
10544,Joseph Perez,joseph.perez@protonmail.com,+1-953-772-6198,uploads/resume_706.pdf,2025-11-24 03:20:19
10545,Elizabeth Lopez,elizabeth.lopez@gmail.com,+1-687-338-8720,uploads/resume_707.pdf,2025-11-24 03:20:19
10546,Michelle Collins,michelle.collins@yahoo.com,+1-716-588-4323,uploads/resume_708.pdf,2025-11-24 03:20:19
10547,Kevin Moore,kevinmoore@yahoo.com,+1-686-240-2195,uploads/resume_709.pdf,2025-11-24 03:20:19
10548,Amanda Thomas,athomas@outlook.com,+1-347-952-6319,uploads/resume_710.pdf,2025-11-24 03:20:19
10549,John Miller,john.miller@gmail.com,+1-307-714-4694,uploads/resume_711.pdf,2025-11-24 03:20:19
10550,Maria Anderson,mariaanderson@protonmail.com,+1-567-257-6651,uploads/resume_712.pdf,2025-11-24 03:20:19
10551,Rebecca Wright,rebecca.wright@icloud.com,+1-859-237-6499,uploads/resume_713.pdf,2025-11-24 03:20:19
10552,Sarah Turner,sarah.turner@protonmail.com,+1-504-518-4085,uploads/resume_714.pdf,2025-11-24 03:20:19
10553,Christopher Johnson,christopherjohnson@icloud.com,+1-806-869-4634,uploads/resume_715.pdf,2025-11-24 03:20:19
10554,Brandon Edwards,brandonedwards@yahoo.com,+1-617-213-1547,uploads/resume_716.pdf,2025-11-24 03:20:19
10555,Jason Clark,jasonclark@hotmail.com,+1-388-460-5545,uploads/resume_717.pdf,2025-11-24 03:20:19
10556,James Anderson,james.anderson@protonmail.com,+1-931-532-1570,uploads/resume_718.pdf,2025-11-24 03:20:19
10557,Ryan Hall,rhall@yahoo.com,+1-869-452-9885,uploads/resume_719.pdf,2025-11-24 03:20:19
10558,Thomas Parker,thomasparker@icloud.com,+1-472-813-2291,uploads/resume_720.pdf,2025-11-24 03:20:19
10559,Maria Mitchell,mmitchell@protonmail.com,+1-374-703-2131,uploads/resume_721.pdf,2025-11-24 03:20:19
10560,Jason Martin,jason.martin@icloud.com,+1-316-669-5722,uploads/resume_722.pdf,2025-11-24 03:20:19
10561,Richard Johnson,richard.johnson@yahoo.com,+1-729-751-7931,uploads/resume_723.pdf,2025-11-24 03:20:19
10562,Ryan Walker,ryan.walker@hotmail.com,+1-306-996-4475,uploads/resume_724.pdf,2025-11-24 03:20:19
10563,Samantha Wright,samanthawright@icloud.com,+1-508-671-9437,uploads/resume_725.pdf,2025-11-24 03:20:19
10564,Elizabeth Morris,emorris@outlook.com,+1-358-608-1316,uploads/resume_726.pdf,2025-11-24 03:20:19
10565,Lisa Lee,llee@outlook.com,+1-741-223-2747,uploads/resume_727.pdf,2025-11-24 03:20:19
10566,Daniel Phillips,daniel.phillips@icloud.com,+1-852-801-8070,uploads/resume_728.pdf,2025-11-24 03:20:19
10567,Andrew Jackson,andrew.jackson@protonmail.com,+1-556-415-7383,uploads/resume_729.pdf,2025-11-24 03:20:19
10568,Robert Martin,robert.martin@gmail.com,+1-675-300-4058,uploads/resume_730.pdf,2025-11-24 03:20:19
10569,William Scott,williamscott@icloud.com,+1-891-382-8640,uploads/resume_731.pdf,2025-11-24 03:20:19
10570,Brandon Wright,brandonwright@hotmail.com,+1-513-269-1675,uploads/resume_732.pdf,2025-11-24 03:20:19
10571,Susan Baker,sbaker@yahoo.com,+1-535-985-6215,uploads/resume_733.pdf,2025-11-24 03:20:19
10572,Michelle Collins,michellecollins@icloud.com,+1-340-490-7775,uploads/resume_734.pdf,2025-11-24 03:20:19
10573,Ashley Perez,aperez@gmail.com,+1-437-959-4266,uploads/resume_735.pdf,2025-11-24 03:20:19
10574,Samantha Collins,scollins@hotmail.com,+1-775-846-9224,uploads/resume_736.pdf,2025-11-24 03:20:19
10575,Eric Robinson,erobinson@gmail.com,+1-783-453-4029,uploads/resume_737.pdf,2025-11-24 03:20:19
10576,Lauren Garcia,laurengarcia@yahoo.com,+1-410-882-3819,uploads/resume_738.pdf,2025-11-24 03:20:19
10577,Melissa Young,melissa.young@gmail.com,+1-904-359-3720,uploads/resume_739.pdf,2025-11-24 03:20:19
10578,Richard Taylor,richard.taylor@hotmail.com,+1-839-510-3050,uploads/resume_740.pdf,2025-11-24 03:20:19
10579,James Nelson,jnelson@icloud.com,+1-850-636-3002,uploads/resume_741.pdf,2025-11-24 03:20:19
10580,Laura Garcia,lauragarcia@outlook.com,+1-558-903-7018,uploads/resume_742.pdf,2025-11-24 03:20:19
10581,Maria Taylor,maria.taylor@icloud.com,+1-493-619-9562,uploads/resume_743.pdf,2025-11-24 03:20:19
10582,Brian Collins,bcollins@outlook.com,+1-912-474-6391,uploads/resume_744.pdf,2025-11-24 03:20:19
10583,Michael Wright,michaelwright@protonmail.com,+1-774-630-1256,uploads/resume_745.pdf,2025-11-24 03:20:19
10584,Brandon Lopez,brandonlopez@outlook.com,+1-251-302-8717,uploads/resume_746.pdf,2025-11-24 03:20:19
10585,Rebecca Brown,rebecca.brown@protonmail.com,+1-830-368-2759,uploads/resume_747.pdf,2025-11-24 03:20:19
10586,Angela Hill,angelahill@yahoo.com,+1-488-936-7243,uploads/resume_748.pdf,2025-11-24 03:20:19
10587,Lauren Thompson,laurenthompson@hotmail.com,+1-925-735-6948,uploads/resume_749.pdf,2025-11-24 03:20:19
10588,Michael Morris,mmorris@hotmail.com,+1-488-243-5025,uploads/resume_750.pdf,2025-11-24 03:20:19
10589,Susan Clark,susan.clark@hotmail.com,+1-540-630-7874,uploads/resume_751.pdf,2025-11-24 03:20:19
10590,Thomas Davis,thomasdavis@yahoo.com,+1-847-523-8617,uploads/resume_752.pdf,2025-11-24 03:20:19
10591,Justin Taylor,jtaylor@yahoo.com,+1-303-345-5581,uploads/resume_753.pdf,2025-11-24 03:20:19
10592,Eric Adams,eadams@protonmail.com,+1-992-459-6816,uploads/resume_754.pdf,2025-11-24 03:20:19
10593,Thomas Johnson,thomas.johnson@gmail.com,+1-849-799-8337,uploads/resume_755.pdf,2025-11-24 03:20:19
10594,Brandon Mitchell,brandonmitchell@outlook.com,+1-949-703-1401,uploads/resume_756.pdf,2025-11-24 03:20:19
10595,Michelle Carter,michelle.carter@gmail.com,+1-553-508-2733,uploads/resume_757.pdf,2025-11-24 03:20:19
10596,Lauren King,lking@hotmail.com,+1-486-916-1824,uploads/resume_758.pdf,2025-11-24 03:20:19
10597,Brandon Davis,brandondavis@gmail.com,+1-256-801-6580,uploads/resume_759.pdf,2025-11-24 03:20:19
10598,Jason Hall,jhall@outlook.com,+1-457-755-4016,uploads/resume_760.pdf,2025-11-24 03:20:19
10599,Steven Martinez,stevenmartinez@yahoo.com,+1-957-871-7653,uploads/resume_761.pdf,2025-11-24 03:20:19
10600,William Davis,william.davis@gmail.com,+1-601-977-7458,uploads/resume_762.pdf,2025-11-24 03:20:19
10601,Kimberly Phillips,kimberly.phillips@gmail.com,+1-386-516-9732,uploads/resume_763.pdf,2025-11-24 03:20:19
10602,Ryan White,rwhite@hotmail.com,+1-225-769-9752,uploads/resume_764.pdf,2025-11-24 03:20:19
10603,Elizabeth Taylor,etaylor@hotmail.com,+1-498-215-1500,uploads/resume_765.pdf,2025-11-24 03:20:19
10604,James Miller,jmiller@yahoo.com,+1-379-548-9776,uploads/resume_766.pdf,2025-11-24 03:20:19
10605,Michael Hall,mhall@yahoo.com,+1-512-502-9248,uploads/resume_767.pdf,2025-11-24 03:20:19
10606,Lisa Lewis,lisalewis@icloud.com,+1-419-330-1891,uploads/resume_768.pdf,2025-11-24 03:20:19
10607,Hannah Miller,hannahmiller@gmail.com,+1-694-846-7597,uploads/resume_769.pdf,2025-11-24 03:20:19
10608,Samantha Allen,samantha.allen@gmail.com,+1-617-869-5268,uploads/resume_770.pdf,2025-11-24 03:20:19
10609,Brandon Wright,brandon.wright@protonmail.com,+1-565-623-6726,uploads/resume_771.pdf,2025-11-24 03:20:19
10610,Lisa Clark,lisaclark@protonmail.com,+1-386-667-8989,uploads/resume_772.pdf,2025-11-24 03:20:19
10611,Thomas Walker,thomas.walker@yahoo.com,+1-829-929-3597,uploads/resume_773.pdf,2025-11-24 03:20:19
10612,Rebecca Edwards,redwards@outlook.com,+1-393-715-4771,uploads/resume_774.pdf,2025-11-24 03:20:19
10613,Christopher Edwards,cedwards@yahoo.com,+1-614-732-2441,uploads/resume_775.pdf,2025-11-24 03:20:19
10614,Jennifer Hall,jhall@yahoo.com,+1-499-966-7726,uploads/resume_776.pdf,2025-11-24 03:20:19
10615,Steven Miller,smiller@yahoo.com,+1-434-202-8188,uploads/resume_777.pdf,2025-11-24 03:20:19
10616,Sarah Turner,sarahturner@hotmail.com,+1-775-275-2318,uploads/resume_778.pdf,2025-11-24 03:20:19
10617,Sarah Thomas,sthomas@protonmail.com,+1-865-917-3335,uploads/resume_779.pdf,2025-11-24 03:20:19
10618,Sarah Lopez,slopez@protonmail.com,+1-500-749-9388,uploads/resume_780.pdf,2025-11-24 03:20:19
10619,Thomas Wright,thomas.wright@yahoo.com,+1-376-952-9238,uploads/resume_781.pdf,2025-11-24 03:20:19
10620,Kimberly Scott,kimberly.scott@yahoo.com,+1-977-581-6895,uploads/resume_782.pdf,2025-11-24 03:20:19
10621,Brandon Harris,brandon.harris@gmail.com,+1-417-688-6981,uploads/resume_783.pdf,2025-11-24 03:20:19
10622,Lauren Martin,lauren.martin@hotmail.com,+1-317-941-8730,uploads/resume_784.pdf,2025-11-24 03:20:19
10623,Emily Lee,emily.lee@icloud.com,+1-611-852-8173,uploads/resume_785.pdf,2025-11-24 03:20:19
10624,Steven Lewis,slewis@yahoo.com,+1-606-628-9629,uploads/resume_786.pdf,2025-11-24 03:20:19
10625,Ashley Green,agreen@outlook.com,+1-542-287-9968,uploads/resume_787.pdf,2025-11-24 03:20:19
10626,Stephanie Jackson,sjackson@yahoo.com,+1-397-822-8330,uploads/resume_788.pdf,2025-11-24 03:20:19
10627,Jessica Young,jyoung@outlook.com,+1-729-554-3737,uploads/resume_789.pdf,2025-11-24 03:20:19
10628,Maria Martinez,maria.martinez@gmail.com,+1-692-695-5777,uploads/resume_790.pdf,2025-11-24 03:20:19
10629,Laura Mitchell,lmitchell@icloud.com,+1-438-621-5717,uploads/resume_791.pdf,2025-11-24 03:20:19
10630,Rebecca Robinson,rebeccarobinson@hotmail.com,+1-259-236-8362,uploads/resume_792.pdf,2025-11-24 03:20:19
10631,David Wright,davidwright@protonmail.com,+1-782-371-8934,uploads/resume_793.pdf,2025-11-24 03:20:19
10632,Steven Thomas,steventhomas@yahoo.com,+1-781-648-3617,uploads/resume_794.pdf,2025-11-24 03:20:19
10633,Ashley Thompson,athompson@hotmail.com,+1-506-733-6579,uploads/resume_795.pdf,2025-11-24 03:20:19
10634,Samantha Miller,samantha.miller@hotmail.com,+1-217-686-4607,uploads/resume_796.pdf,2025-11-24 03:20:19
10635,Andrew Rodriguez,andrew.rodriguez@gmail.com,+1-879-987-4767,uploads/resume_797.pdf,2025-11-24 03:20:19
10636,Justin Walker,justin.walker@protonmail.com,+1-323-575-3094,uploads/resume_798.pdf,2025-11-24 03:20:19
10637,Elizabeth Robinson,elizabeth.robinson@yahoo.com,+1-843-587-4583,uploads/resume_799.pdf,2025-11-24 03:20:19
10638,Nicole Thompson,nicole.thompson@outlook.com,+1-220-934-2109,uploads/resume_800.pdf,2025-11-24 03:20:19
10639,Justin Mitchell,justin.mitchell@yahoo.com,+1-768-403-1373,uploads/resume_801.pdf,2025-11-24 03:20:19
10640,Melissa Allen,melissa.allen@hotmail.com,+1-680-755-9778,uploads/resume_802.pdf,2025-11-24 03:20:19
10641,Mark Lopez,mark.lopez@outlook.com,+1-774-913-2302,uploads/resume_803.pdf,2025-11-24 03:20:19
10642,Ryan Martinez,ryanmartinez@protonmail.com,+1-880-403-9806,uploads/resume_804.pdf,2025-11-24 03:20:19
10643,Susan Brown,sbrown@yahoo.com,+1-434-967-9263,uploads/resume_805.pdf,2025-11-24 03:20:19
10644,Hannah Green,hannah.green@hotmail.com,+1-988-568-7162,uploads/resume_806.pdf,2025-11-24 03:20:19
10645,Robert Mitchell,robert.mitchell@hotmail.com,+1-284-503-7394,uploads/resume_807.pdf,2025-11-24 03:20:19
10646,Sarah Lopez,sarahlopez@outlook.com,+1-477-262-6674,uploads/resume_808.pdf,2025-11-24 03:20:19
10647,Stephanie Rogers,stephanierogers@icloud.com,+1-246-764-6455,uploads/resume_809.pdf,2025-11-24 03:20:19
10648,Lisa Moore,lisamoore@outlook.com,+1-675-458-9650,uploads/resume_810.pdf,2025-11-24 03:20:19
10649,Robert Miller,robertmiller@gmail.com,+1-720-628-9993,uploads/resume_811.pdf,2025-11-24 03:20:19
10650,Brian Rogers,brogers@protonmail.com,+1-965-232-7869,uploads/resume_812.pdf,2025-11-24 03:20:19
10651,John Phillips,john.phillips@gmail.com,+1-572-646-7409,uploads/resume_813.pdf,2025-11-24 03:20:19
10652,Angela Lewis,alewis@gmail.com,+1-719-493-6696,uploads/resume_814.pdf,2025-11-24 03:20:19
10653,William Harris,wharris@outlook.com,+1-929-393-3105,uploads/resume_815.pdf,2025-11-24 03:20:19
10654,Samantha Hill,samanthahill@protonmail.com,+1-487-408-8764,uploads/resume_816.pdf,2025-11-24 03:20:19
10655,Brandon Campbell,bcampbell@hotmail.com,+1-240-913-6072,uploads/resume_817.pdf,2025-11-24 03:20:19
10656,Rachel Turner,rachelturner@outlook.com,+1-451-375-9200,uploads/resume_818.pdf,2025-11-24 03:20:19
10657,Laura Scott,laura.scott@hotmail.com,+1-533-681-5935,uploads/resume_819.pdf,2025-11-24 03:20:19
10658,Samantha Jackson,samanthajackson@icloud.com,+1-232-584-5746,uploads/resume_820.pdf,2025-11-24 03:20:19
10659,Robert Parker,robert.parker@outlook.com,+1-712-552-8895,uploads/resume_821.pdf,2025-11-24 03:20:19
10660,Elizabeth Mitchell,elizabethmitchell@yahoo.com,+1-727-519-4565,uploads/resume_822.pdf,2025-11-24 03:20:19
10661,Angela Parker,angela.parker@gmail.com,+1-525-511-6116,uploads/resume_823.pdf,2025-11-24 03:20:19
10662,Robert Evans,robert.evans@yahoo.com,+1-964-692-9930,uploads/resume_824.pdf,2025-11-24 03:20:19
10663,Thomas Martinez,tmartinez@outlook.com,+1-380-629-4698,uploads/resume_825.pdf,2025-11-24 03:20:19
10664,Rachel Rodriguez,rachel.rodriguez@gmail.com,+1-904-867-4891,uploads/resume_826.pdf,2025-11-24 03:20:19
10665,Ryan Johnson,ryanjohnson@yahoo.com,+1-448-239-7683,uploads/resume_827.pdf,2025-11-24 03:20:19
10666,Andrew Garcia,andrew.garcia@gmail.com,+1-241-586-3970,uploads/resume_828.pdf,2025-11-24 03:20:19
10667,Jason Lewis,jasonlewis@protonmail.com,+1-236-613-5306,uploads/resume_829.pdf,2025-11-24 03:20:19
10668,Steven Baker,stevenbaker@yahoo.com,+1-638-559-4142,uploads/resume_830.pdf,2025-11-24 03:20:19
10669,Michael Brown,michael.brown@protonmail.com,+1-971-270-4249,uploads/resume_831.pdf,2025-11-24 03:20:19
10670,Robert Carter,robertcarter@yahoo.com,+1-541-673-1028,uploads/resume_832.pdf,2025-11-24 03:20:19
10671,David Walker,david.walker@protonmail.com,+1-392-685-2563,uploads/resume_833.pdf,2025-11-24 03:20:19
10672,Joseph Turner,jturner@icloud.com,+1-361-732-7230,uploads/resume_834.pdf,2025-11-24 03:20:19
10673,Hannah Scott,hscott@yahoo.com,+1-292-923-9701,uploads/resume_835.pdf,2025-11-24 03:20:19
10674,Jessica Brown,jessicabrown@yahoo.com,+1-607-869-6201,uploads/resume_836.pdf,2025-11-24 03:20:19
10675,Elizabeth Moore,elizabeth.moore@icloud.com,+1-935-993-4821,uploads/resume_837.pdf,2025-11-24 03:20:19
10676,Jason Evans,jevans@yahoo.com,+1-273-403-2047,uploads/resume_838.pdf,2025-11-24 03:20:19
10677,Sarah Scott,sarah.scott@hotmail.com,+1-459-937-1744,uploads/resume_839.pdf,2025-11-24 03:20:19
10678,Susan Harris,susan.harris@outlook.com,+1-404-268-4536,uploads/resume_840.pdf,2025-11-24 03:20:19
10679,Lisa Davis,lisadavis@yahoo.com,+1-389-685-1592,uploads/resume_841.pdf,2025-11-24 03:20:19
10680,David Lewis,david.lewis@yahoo.com,+1-581-790-6090,uploads/resume_842.pdf,2025-11-24 03:20:19
10681,Lauren Wright,lauren.wright@outlook.com,+1-746-322-4215,uploads/resume_843.pdf,2025-11-24 03:20:19
10682,Andrew Martinez,andrewmartinez@gmail.com,+1-613-464-5227,uploads/resume_844.pdf,2025-11-24 03:20:19
10683,Lisa Hill,lhill@hotmail.com,+1-549-709-9434,uploads/resume_845.pdf,2025-11-24 03:20:19
10684,Susan Harris,susan.harris@protonmail.com,+1-818-542-4137,uploads/resume_846.pdf,2025-11-24 03:20:19
10685,Amanda Allen,amanda.allen@protonmail.com,+1-966-720-6251,uploads/resume_847.pdf,2025-11-24 03:20:19
10686,Joseph Harris,josephharris@gmail.com,+1-782-681-5650,uploads/resume_848.pdf,2025-11-24 03:20:19
10687,Jessica Allen,jessica.allen@outlook.com,+1-756-732-5400,uploads/resume_849.pdf,2025-11-24 03:20:19
10688,Stephanie Jackson,stephaniejackson@icloud.com,+1-713-259-5357,uploads/resume_850.pdf,2025-11-24 03:20:19
10689,Amy Rogers,arogers@gmail.com,+1-817-548-5316,uploads/resume_851.pdf,2025-11-24 03:20:19
10690,Brandon Roberts,brandon.roberts@gmail.com,+1-221-248-2098,uploads/resume_852.pdf,2025-11-24 03:20:19
10691,Lisa Morris,lisamorris@gmail.com,+1-800-320-3139,uploads/resume_853.pdf,2025-11-24 03:20:19
10692,Andrew Baker,abaker@hotmail.com,+1-907-455-9938,uploads/resume_854.pdf,2025-11-24 03:20:19
10693,Matthew Rogers,matthewrogers@icloud.com,+1-482-267-9055,uploads/resume_855.pdf,2025-11-24 03:20:19
10694,William Taylor,william.taylor@outlook.com,+1-677-458-5336,uploads/resume_856.pdf,2025-11-24 03:20:19
10695,John Clark,john.clark@protonmail.com,+1-524-948-4691,uploads/resume_857.pdf,2025-11-24 03:20:19
10696,John Lopez,john.lopez@protonmail.com,+1-948-921-7313,uploads/resume_858.pdf,2025-11-24 03:20:19
10697,Kevin Martin,kevinmartin@icloud.com,+1-452-779-9376,uploads/resume_859.pdf,2025-11-24 03:20:19
10698,Rebecca Thomas,rebecca.thomas@icloud.com,+1-523-479-8815,uploads/resume_860.pdf,2025-11-24 03:20:19
10699,John Robinson,johnrobinson@outlook.com,+1-307-784-1877,uploads/resume_861.pdf,2025-11-24 03:20:19
10700,Matthew Clark,matthew.clark@outlook.com,+1-842-938-6279,uploads/resume_862.pdf,2025-11-24 03:20:19
10701,Michael Allen,michaelallen@icloud.com,+1-892-244-8893,uploads/resume_863.pdf,2025-11-24 03:20:19
10702,Stephanie Phillips,stephaniephillips@icloud.com,+1-946-834-7713,uploads/resume_864.pdf,2025-11-24 03:20:19
10703,Robert Johnson,rjohnson@yahoo.com,+1-923-472-7544,uploads/resume_865.pdf,2025-11-24 03:20:19
10704,Jason Moore,jasonmoore@hotmail.com,+1-980-656-1858,uploads/resume_866.pdf,2025-11-24 03:20:19
10705,Thomas Jackson,thomas.jackson@protonmail.com,+1-902-770-3530,uploads/resume_867.pdf,2025-11-24 03:20:19
10706,Maria Green,maria.green@hotmail.com,+1-783-340-6355,uploads/resume_868.pdf,2025-11-24 03:20:19
10707,Sarah Hill,sarah.hill@icloud.com,+1-740-314-5543,uploads/resume_869.pdf,2025-11-24 03:20:19
10708,Paul Stewart,pstewart@outlook.com,+1-429-667-8503,uploads/resume_870.pdf,2025-11-24 03:20:19
10709,Rebecca Martin,rebecca.martin@outlook.com,+1-426-338-6437,uploads/resume_871.pdf,2025-11-24 03:20:19
10710,Brian Wright,bwright@protonmail.com,+1-942-457-1769,uploads/resume_872.pdf,2025-11-24 03:20:19
10711,Melissa Garcia,melissagarcia@protonmail.com,+1-713-938-4703,uploads/resume_873.pdf,2025-11-24 03:20:19
10712,Lisa Harris,lisa.harris@gmail.com,+1-717-632-7395,uploads/resume_874.pdf,2025-11-24 03:20:19
10713,Joseph Rogers,jrogers@gmail.com,+1-526-781-9600,uploads/resume_875.pdf,2025-11-24 03:20:19
10714,Eric Phillips,ericphillips@gmail.com,+1-867-700-1243,uploads/resume_876.pdf,2025-11-24 03:20:19
10715,Brian Baker,brian.baker@gmail.com,+1-309-371-9780,uploads/resume_877.pdf,2025-11-24 03:20:19
10716,Rebecca White,rebeccawhite@hotmail.com,+1-580-717-5661,uploads/resume_878.pdf,2025-11-24 03:20:19
10717,Matthew Thomas,matthew.thomas@gmail.com,+1-870-550-9187,uploads/resume_879.pdf,2025-11-24 03:20:19
10718,David Allen,dallen@icloud.com,+1-709-917-9293,uploads/resume_880.pdf,2025-11-24 03:20:19
10719,Susan Miller,smiller@outlook.com,+1-894-660-1628,uploads/resume_881.pdf,2025-11-24 03:20:19
10720,Jason Williams,jasonwilliams@gmail.com,+1-563-249-6298,uploads/resume_882.pdf,2025-11-24 03:20:19
10721,Paul Thompson,pthompson@hotmail.com,+1-562-350-2761,uploads/resume_883.pdf,2025-11-24 03:20:19
10722,Sarah Collins,sarah.collins@hotmail.com,+1-628-450-1811,uploads/resume_884.pdf,2025-11-24 03:20:19
10723,Thomas Garcia,tgarcia@gmail.com,+1-961-520-2741,uploads/resume_885.pdf,2025-11-24 03:20:19
10724,Ryan Clark,ryan.clark@hotmail.com,+1-534-476-6885,uploads/resume_886.pdf,2025-11-24 03:20:19
10725,Paul Lopez,paullopez@hotmail.com,+1-571-777-8305,uploads/resume_887.pdf,2025-11-24 03:20:19
10726,Paul Lewis,paul.lewis@hotmail.com,+1-903-270-7316,uploads/resume_888.pdf,2025-11-24 03:20:19
10727,Angela Green,angelagreen@gmail.com,+1-684-898-9738,uploads/resume_889.pdf,2025-11-24 03:20:19
10728,James Anderson,james.anderson@yahoo.com,+1-338-279-6535,uploads/resume_890.pdf,2025-11-24 03:20:19
10729,Amy Anderson,amy.anderson@yahoo.com,+1-746-459-5281,uploads/resume_891.pdf,2025-11-24 03:20:19
10730,Samantha Adams,sadams@protonmail.com,+1-318-896-3553,uploads/resume_892.pdf,2025-11-24 03:20:19
10731,Kevin Collins,kevin.collins@gmail.com,+1-582-687-2876,uploads/resume_893.pdf,2025-11-24 03:20:19
10732,Paul Williams,pwilliams@hotmail.com,+1-730-236-8467,uploads/resume_894.pdf,2025-11-24 03:20:19
10733,Christopher Evans,christopherevans@outlook.com,+1-871-627-9676,uploads/resume_895.pdf,2025-11-24 03:20:19
10734,Mark Lee,marklee@icloud.com,+1-564-225-4109,uploads/resume_896.pdf,2025-11-24 03:20:19
10735,Joseph Davis,joseph.davis@icloud.com,+1-315-441-6517,uploads/resume_897.pdf,2025-11-24 03:20:19
10736,Kevin Clark,kevin.clark@protonmail.com,+1-589-981-2969,uploads/resume_898.pdf,2025-11-24 03:20:19
10737,Melissa Phillips,melissa.phillips@outlook.com,+1-572-707-2490,uploads/resume_899.pdf,2025-11-24 03:20:19
10738,David Johnson,david.johnson@protonmail.com,+1-817-237-4108,uploads/resume_900.pdf,2025-11-24 03:20:19
10739,Thomas Miller,thomasmiller@yahoo.com,+1-207-206-4054,uploads/resume_901.pdf,2025-11-24 03:20:19
10740,Jennifer Moore,jennifer.moore@icloud.com,+1-586-352-3919,uploads/resume_902.pdf,2025-11-24 03:20:19
10741,Christopher Miller,christopher.miller@gmail.com,+1-996-556-2417,uploads/resume_903.pdf,2025-11-24 03:20:19
10742,Angela Williams,awilliams@outlook.com,+1-773-532-4320,uploads/resume_904.pdf,2025-11-24 03:20:19
10743,John Parker,johnparker@protonmail.com,+1-202-658-9029,uploads/resume_905.pdf,2025-11-24 03:20:19
10744,Samantha Anderson,samanthaanderson@outlook.com,+1-356-527-9614,uploads/resume_906.pdf,2025-11-24 03:20:19
10745,Daniel Rodriguez,daniel.rodriguez@gmail.com,+1-493-876-8952,uploads/resume_907.pdf,2025-11-24 03:20:19
10746,Emily Garcia,emily.garcia@gmail.com,+1-490-428-6033,uploads/resume_908.pdf,2025-11-24 03:20:19
10747,Kevin Wilson,kevinwilson@hotmail.com,+1-804-697-2124,uploads/resume_909.pdf,2025-11-24 03:20:19
10748,Jennifer White,jennifer.white@hotmail.com,+1-399-788-3311,uploads/resume_910.pdf,2025-11-24 03:20:19
10749,Amanda Scott,amandascott@yahoo.com,+1-690-645-5596,uploads/resume_911.pdf,2025-11-24 03:20:19
10750,Mark Lopez,marklopez@yahoo.com,+1-219-837-5485,uploads/resume_912.pdf,2025-11-24 03:20:19
10751,Sarah Hill,sarahhill@hotmail.com,+1-945-211-1876,uploads/resume_913.pdf,2025-11-24 03:20:19
10752,Rachel Hall,rachel.hall@protonmail.com,+1-558-380-8117,uploads/resume_914.pdf,2025-11-24 03:20:19
10753,Hannah Lewis,hannahlewis@protonmail.com,+1-283-993-7875,uploads/resume_915.pdf,2025-11-24 03:20:19
10754,Jennifer Stewart,jstewart@yahoo.com,+1-611-901-6295,uploads/resume_916.pdf,2025-11-24 03:20:19
10755,Elizabeth Scott,elizabethscott@icloud.com,+1-288-491-1120,uploads/resume_917.pdf,2025-11-24 03:20:19
10756,Michael Green,michaelgreen@icloud.com,+1-696-968-8935,uploads/resume_918.pdf,2025-11-24 03:20:19
10757,Daniel White,danielwhite@icloud.com,+1-762-442-9106,uploads/resume_919.pdf,2025-11-24 03:20:19
10758,Kimberly Mitchell,kimberly.mitchell@protonmail.com,+1-410-692-1308,uploads/resume_920.pdf,2025-11-24 03:20:19
10759,Joseph Green,josephgreen@gmail.com,+1-966-697-5920,uploads/resume_921.pdf,2025-11-24 03:20:19
10760,Eric Evans,ericevans@yahoo.com,+1-966-581-9812,uploads/resume_922.pdf,2025-11-24 03:20:19
10761,Brandon Mitchell,bmitchell@protonmail.com,+1-732-412-1075,uploads/resume_923.pdf,2025-11-24 03:20:19
10762,Andrew Campbell,andrewcampbell@gmail.com,+1-728-771-6257,uploads/resume_924.pdf,2025-11-24 03:20:19
10763,Angela Morris,angela.morris@hotmail.com,+1-454-688-4363,uploads/resume_925.pdf,2025-11-24 03:20:19
10764,test,test@gmail.com,,/Users/harikaaakula/Desktop/sampleproject/backend/uploads/1763963449086-Harika Aakula_test_resume.pdf,2025-11-24 05:52:44
10765,ram,ram@gmail.com,,/Users/harikaaakula/Desktop/sampleproject/backend/uploads/1763963741632-Harika Aakula_test_resume.pdf,2025-11-24 05:57:27
10766,tan,tan@gmail.com,,/Users/harikaaakula/Desktop/sampleproject/backend/uploads/1763995081785-Harika Aakula_test_resume.pdf,2025-11-24 14:38:38
10767,vinny,vinny@gmail.com,,/Users/harikaaakula/Desktop/sampleproject/backend/uploads/1764006506164-Harika Aakula_test_resume.pdf,2025-11-24 17:49:09
10768,test2,test2@gmail.com,,/Users/harikaaakula/Desktop/sampleproject/backend/uploads/1764028441705-Harika Aakula_test_resume.pdf,2025-11-24 23:54:45
10769,test3,test3@gmail.com,,/Users/harikaaakula/Desktop/sampleproject/backend/uploads/1764028803793-Harika Aakula_test_resume.pdf,2025-11-25 00:00:58
